Entry,Ligand_SMILES,Substrate_SMILES,Yield,tokenized_ligand,tokenized_substrate
1,P(C1=CC=CC=C1)(C2=CC=CC=C2)CP(C3=CC=CC=C3)C4=CC=CC=C4,O=C(C1=CC=CC=C1)C2=CC=CC=C2,20.0,P ( C 1 = C C = C C = C 1 ) ( C 2 = C C = C C = C 2 ) C P ( C 3 = C C = C C = C 3 ) C 4 = C C = C C = C 4,O = C ( C 1 = C C = C C = C 1 ) C 2 = C C = C C = C 2
2,P(C1=CC=CC=C1)(C2=CC=CC=C2)CP(C3=CC=CC=C3)C4=CC=CC=C4,O=C(C1=CC=C(C)C=C1)C2=CC=C(C)C=C2,9.0,P ( C 1 = C C = C C = C 1 ) ( C 2 = C C = C C = C 2 ) C P ( C 3 = C C = C C = C 3 ) C 4 = C C = C C = C 4,O = C ( C 1 = C C = C ( C ) C = C 1 ) C 2 = C C = C ( C ) C = C 2
3,P(C1=CC=CC=C1)(C2=CC=CC=C2)CP(C3=CC=CC=C3)C4=CC=CC=C4,O=C(C1=CC=C(C=C1)OC)C2=CC=C(C=C2)OC,7.0,P ( C 1 = C C = C C = C 1 ) ( C 2 = C C = C C = C 2 ) C P ( C 3 = C C = C C = C 3 ) C 4 = C C = C C = C 4,O = C ( C 1 = C C = C ( C = C 1 ) O C ) C 2 = C C = C ( C = C 2 ) O C
4,P(C1=CC=CC=C1)(C2=CC=CC=C2)CP(C3=CC=CC=C3)C4=CC=CC=C4,O=C(C1=CC=C(F)C=C1)C2=CC=C(F)C=C2,18.0,P ( C 1 = C C = C C = C 1 ) ( C 2 = C C = C C = C 2 ) C P ( C 3 = C C = C C = C 3 ) C 4 = C C = C C = C 4,O = C ( C 1 = C C = C ( F ) C = C 1 ) C 2 = C C = C ( F ) C = C 2
5,P(C1=CC=CC=C1)(C2=CC=CC=C2)CP(C3=CC=CC=C3)C4=CC=CC=C4,CC(C1=CC=CC=C1)=O,34.0,P ( C 1 = C C = C C = C 1 ) ( C 2 = C C = C C = C 2 ) C P ( C 3 = C C = C C = C 3 ) C 4 = C C = C C = C 4,C C ( C 1 = C C = C C = C 1 ) = O
6,P(C1=CC=CC=C1)(C2=CC=CC=C2)CP(C3=CC=CC=C3)C4=CC=CC=C4,O=C(C1=CC=CC=C1)C(F)(F)F,89.0,P ( C 1 = C C = C C = C 1 ) ( C 2 = C C = C C = C 2 ) C P ( C 3 = C C = C C = C 3 ) C 4 = C C = C C = C 4,O = C ( C 1 = C C = C C = C 1 ) C ( F ) ( F ) F
7,P(C1=CC=CC=C1)(C2=CC=CC=C2)CP(C3=CC=CC=C3)C4=CC=CC=C4,O=C(C1CCCCC1)C2=CC=CC=C2,5.0,P ( C 1 = C C = C C = C 1 ) ( C 2 = C C = C C = C 2 ) C P ( C 3 = C C = C C = C 3 ) C 4 = C C = C C = C 4,O = C ( C 1 C C C C C 1 ) C 2 = C C = C C = C 2
8,P(C1=CC=CC=C1)(C2=CC=CC=C2)CP(C3=CC=CC=C3)C4=CC=CC=C4,O=C1CCCC2=CC=CC=C21,3.0,P ( C 1 = C C = C C = C 1 ) ( C 2 = C C = C C = C 2 ) C P ( C 3 = C C = C C = C 3 ) C 4 = C C = C C = C 4,O = C 1 C C C C 2 = C C = C C = C 2 1
9,P(C1=CC=CC=C1)(C2=CC=CC=C2)CP(C3=CC=CC=C3)C4=CC=CC=C4,O=C1CCC2=CC=CC=C2C1,85.0,P ( C 1 = C C = C C = C 1 ) ( C 2 = C C = C C = C 2 ) C P ( C 3 = C C = C C = C 3 ) C 4 = C C = C C = C 4,O = C 1 C C C 2 = C C = C C = C 2 C 1
10,P(C1=CC=CC=C1)(C2=CC=CC=C2)CP(C3=CC=CC=C3)C4=CC=CC=C4,O=C(C1CCCCC1)C2CCCCC2,0.0,P ( C 1 = C C = C C = C 1 ) ( C 2 = C C = C C = C 2 ) C P ( C 3 = C C = C C = C 3 ) C 4 = C C = C C = C 4,O = C ( C 1 C C C C C 1 ) C 2 C C C C C 2
11,P(C1=CC=CC=C1)(C2=CC=CC=C2)CCP(C3=CC=CC=C3)C4=CC=CC=C4,O=C(C1=CC=CC=C1)C2=CC=CC=C2,3.0,P ( C 1 = C C = C C = C 1 ) ( C 2 = C C = C C = C 2 ) C C P ( C 3 = C C = C C = C 3 ) C 4 = C C = C C = C 4,O = C ( C 1 = C C = C C = C 1 ) C 2 = C C = C C = C 2
12,P(C1=CC=CC=C1)(C2=CC=CC=C2)CCP(C3=CC=CC=C3)C4=CC=CC=C4,O=C(C1=CC=C(C)C=C1)C2=CC=C(C)C=C2,2.0,P ( C 1 = C C = C C = C 1 ) ( C 2 = C C = C C = C 2 ) C C P ( C 3 = C C = C C = C 3 ) C 4 = C C = C C = C 4,O = C ( C 1 = C C = C ( C ) C = C 1 ) C 2 = C C = C ( C ) C = C 2
13,P(C1=CC=CC=C1)(C2=CC=CC=C2)CCP(C3=CC=CC=C3)C4=CC=CC=C4,O=C(C1=CC=C(C=C1)OC)C2=CC=C(C=C2)OC,1.0,P ( C 1 = C C = C C = C 1 ) ( C 2 = C C = C C = C 2 ) C C P ( C 3 = C C = C C = C 3 ) C 4 = C C = C C = C 4,O = C ( C 1 = C C = C ( C = C 1 ) O C ) C 2 = C C = C ( C = C 2 ) O C
14,P(C1=CC=CC=C1)(C2=CC=CC=C2)CCP(C3=CC=CC=C3)C4=CC=CC=C4,O=C(C1=CC=C(F)C=C1)C2=CC=C(F)C=C2,3.0,P ( C 1 = C C = C C = C 1 ) ( C 2 = C C = C C = C 2 ) C C P ( C 3 = C C = C C = C 3 ) C 4 = C C = C C = C 4,O = C ( C 1 = C C = C ( F ) C = C 1 ) C 2 = C C = C ( F ) C = C 2
15,P(C1=CC=CC=C1)(C2=CC=CC=C2)CCP(C3=CC=CC=C3)C4=CC=CC=C4,CC(C1=CC=CC=C1)=O,3.0,P ( C 1 = C C = C C = C 1 ) ( C 2 = C C = C C = C 2 ) C C P ( C 3 = C C = C C = C 3 ) C 4 = C C = C C = C 4,C C ( C 1 = C C = C C = C 1 ) = O
16,P(C1=CC=CC=C1)(C2=CC=CC=C2)CCP(C3=CC=CC=C3)C4=CC=CC=C4,O=C(C1=CC=CC=C1)C(F)(F)F,28.0,P ( C 1 = C C = C C = C 1 ) ( C 2 = C C = C C = C 2 ) C C P ( C 3 = C C = C C = C 3 ) C 4 = C C = C C = C 4,O = C ( C 1 = C C = C C = C 1 ) C ( F ) ( F ) F
17,P(C1=CC=CC=C1)(C2=CC=CC=C2)CCP(C3=CC=CC=C3)C4=CC=CC=C4,O=C(C1CCCCC1)C2=CC=CC=C2,1.0,P ( C 1 = C C = C C = C 1 ) ( C 2 = C C = C C = C 2 ) C C P ( C 3 = C C = C C = C 3 ) C 4 = C C = C C = C 4,O = C ( C 1 C C C C C 1 ) C 2 = C C = C C = C 2
18,P(C1=CC=CC=C1)(C2=CC=CC=C2)CCP(C3=CC=CC=C3)C4=CC=CC=C4,O=C1CCCC2=CC=CC=C21,1.0,P ( C 1 = C C = C C = C 1 ) ( C 2 = C C = C C = C 2 ) C C P ( C 3 = C C = C C = C 3 ) C 4 = C C = C C = C 4,O = C 1 C C C C 2 = C C = C C = C 2 1
19,P(C1=CC=CC=C1)(C2=CC=CC=C2)CCP(C3=CC=CC=C3)C4=CC=CC=C4,O=C1CCC2=CC=CC=C2C1,31.0,P ( C 1 = C C = C C = C 1 ) ( C 2 = C C = C C = C 2 ) C C P ( C 3 = C C = C C = C 3 ) C 4 = C C = C C = C 4,O = C 1 C C C 2 = C C = C C = C 2 C 1
20,P(C1=CC=CC=C1)(C2=CC=CC=C2)CCP(C3=CC=CC=C3)C4=CC=CC=C4,O=C(C1CCCCC1)C2CCCCC2,0.0,P ( C 1 = C C = C C = C 1 ) ( C 2 = C C = C C = C 2 ) C C P ( C 3 = C C = C C = C 3 ) C 4 = C C = C C = C 4,O = C ( C 1 C C C C C 1 ) C 2 C C C C C 2
21,P(C1=CC=CC=C1)(C2=CC=CC=C2)CCCP(C3=CC=CC=C3)C4=CC=CC=C4,O=C(C1=CC=CC=C1)C2=CC=CC=C2,5.0,P ( C 1 = C C = C C = C 1 ) ( C 2 = C C = C C = C 2 ) C C C P ( C 3 = C C = C C = C 3 ) C 4 = C C = C C = C 4,O = C ( C 1 = C C = C C = C 1 ) C 2 = C C = C C = C 2
22,P(C1=CC=CC=C1)(C2=CC=CC=C2)CCCP(C3=CC=CC=C3)C4=CC=CC=C4,O=C(C1=CC=C(C)C=C1)C2=CC=C(C)C=C2,1.0,P ( C 1 = C C = C C = C 1 ) ( C 2 = C C = C C = C 2 ) C C C P ( C 3 = C C = C C = C 3 ) C 4 = C C = C C = C 4,O = C ( C 1 = C C = C ( C ) C = C 1 ) C 2 = C C = C ( C ) C = C 2
23,P(C1=CC=CC=C1)(C2=CC=CC=C2)CCCP(C3=CC=CC=C3)C4=CC=CC=C4,O=C(C1=CC=C(C=C1)OC)C2=CC=C(C=C2)OC,1.0,P ( C 1 = C C = C C = C 1 ) ( C 2 = C C = C C = C 2 ) C C C P ( C 3 = C C = C C = C 3 ) C 4 = C C = C C = C 4,O = C ( C 1 = C C = C ( C = C 1 ) O C ) C 2 = C C = C ( C = C 2 ) O C
24,P(C1=CC=CC=C1)(C2=CC=CC=C2)CCCP(C3=CC=CC=C3)C4=CC=CC=C4,O=C(C1=CC=C(F)C=C1)C2=CC=C(F)C=C2,3.0,P ( C 1 = C C = C C = C 1 ) ( C 2 = C C = C C = C 2 ) C C C P ( C 3 = C C = C C = C 3 ) C 4 = C C = C C = C 4,O = C ( C 1 = C C = C ( F ) C = C 1 ) C 2 = C C = C ( F ) C = C 2
25,P(C1=CC=CC=C1)(C2=CC=CC=C2)CCCP(C3=CC=CC=C3)C4=CC=CC=C4,CC(C1=CC=CC=C1)=O,3.0,P ( C 1 = C C = C C = C 1 ) ( C 2 = C C = C C = C 2 ) C C C P ( C 3 = C C = C C = C 3 ) C 4 = C C = C C = C 4,C C ( C 1 = C C = C C = C 1 ) = O
26,P(C1=CC=CC=C1)(C2=CC=CC=C2)CCCP(C3=CC=CC=C3)C4=CC=CC=C4,O=C(C1=CC=CC=C1)C(F)(F)F,16.0,P ( C 1 = C C = C C = C 1 ) ( C 2 = C C = C C = C 2 ) C C C P ( C 3 = C C = C C = C 3 ) C 4 = C C = C C = C 4,O = C ( C 1 = C C = C C = C 1 ) C ( F ) ( F ) F
27,P(C1=CC=CC=C1)(C2=CC=CC=C2)CCCP(C3=CC=CC=C3)C4=CC=CC=C4,O=C(C1CCCCC1)C2=CC=CC=C2,3.0,P ( C 1 = C C = C C = C 1 ) ( C 2 = C C = C C = C 2 ) C C C P ( C 3 = C C = C C = C 3 ) C 4 = C C = C C = C 4,O = C ( C 1 C C C C C 1 ) C 2 = C C = C C = C 2
28,P(C1=CC=CC=C1)(C2=CC=CC=C2)CCCP(C3=CC=CC=C3)C4=CC=CC=C4,O=C1CCCC2=CC=CC=C21,4.0,P ( C 1 = C C = C C = C 1 ) ( C 2 = C C = C C = C 2 ) C C C P ( C 3 = C C = C C = C 3 ) C 4 = C C = C C = C 4,O = C 1 C C C C 2 = C C = C C = C 2 1
29,P(C1=CC=CC=C1)(C2=CC=CC=C2)CCCP(C3=CC=CC=C3)C4=CC=CC=C4,O=C1CCC2=CC=CC=C2C1,2.0,P ( C 1 = C C = C C = C 1 ) ( C 2 = C C = C C = C 2 ) C C C P ( C 3 = C C = C C = C 3 ) C 4 = C C = C C = C 4,O = C 1 C C C 2 = C C = C C = C 2 C 1
30,P(C1=CC=CC=C1)(C2=CC=CC=C2)CCCP(C3=CC=CC=C3)C4=CC=CC=C4,O=C(C1CCCCC1)C2CCCCC2,0.0,P ( C 1 = C C = C C = C 1 ) ( C 2 = C C = C C = C 2 ) C C C P ( C 3 = C C = C C = C 3 ) C 4 = C C = C C = C 4,O = C ( C 1 C C C C C 1 ) C 2 C C C C C 2
31,P(C1=CC=CC=C1)(C2=CC=CC=C2)CCCCP(C3=CC=CC=C3)C4=CC=CC=C4,O=C(C1=CC=CC=C1)C2=CC=CC=C2,93.0,P ( C 1 = C C = C C = C 1 ) ( C 2 = C C = C C = C 2 ) C C C C P ( C 3 = C C = C C = C 3 ) C 4 = C C = C C = C 4,O = C ( C 1 = C C = C C = C 1 ) C 2 = C C = C C = C 2
32,P(C1=CC=CC=C1)(C2=CC=CC=C2)CCCCP(C3=CC=CC=C3)C4=CC=CC=C4,O=C(C1=CC=C(C)C=C1)C2=CC=C(C)C=C2,90.0,P ( C 1 = C C = C C = C 1 ) ( C 2 = C C = C C = C 2 ) C C C C P ( C 3 = C C = C C = C 3 ) C 4 = C C = C C = C 4,O = C ( C 1 = C C = C ( C ) C = C 1 ) C 2 = C C = C ( C ) C = C 2
33,P(C1=CC=CC=C1)(C2=CC=CC=C2)CCCCP(C3=CC=CC=C3)C4=CC=CC=C4,O=C(C1=CC=C(C=C1)OC)C2=CC=C(C=C2)OC,95.0,P ( C 1 = C C = C C = C 1 ) ( C 2 = C C = C C = C 2 ) C C C C P ( C 3 = C C = C C = C 3 ) C 4 = C C = C C = C 4,O = C ( C 1 = C C = C ( C = C 1 ) O C ) C 2 = C C = C ( C = C 2 ) O C
34,P(C1=CC=CC=C1)(C2=CC=CC=C2)CCCCP(C3=CC=CC=C3)C4=CC=CC=C4,O=C(C1=CC=C(F)C=C1)C2=CC=C(F)C=C2,94.0,P ( C 1 = C C = C C = C 1 ) ( C 2 = C C = C C = C 2 ) C C C C P ( C 3 = C C = C C = C 3 ) C 4 = C C = C C = C 4,O = C ( C 1 = C C = C ( F ) C = C 1 ) C 2 = C C = C ( F ) C = C 2
35,P(C1=CC=CC=C1)(C2=CC=CC=C2)CCCCP(C3=CC=CC=C3)C4=CC=CC=C4,CC(C1=CC=CC=C1)=O,80.0,P ( C 1 = C C = C C = C 1 ) ( C 2 = C C = C C = C 2 ) C C C C P ( C 3 = C C = C C = C 3 ) C 4 = C C = C C = C 4,C C ( C 1 = C C = C C = C 1 ) = O
36,P(C1=CC=CC=C1)(C2=CC=CC=C2)CCCCP(C3=CC=CC=C3)C4=CC=CC=C4,O=C(C1=CC=CC=C1)C(F)(F)F,86.0,P ( C 1 = C C = C C = C 1 ) ( C 2 = C C = C C = C 2 ) C C C C P ( C 3 = C C = C C = C 3 ) C 4 = C C = C C = C 4,O = C ( C 1 = C C = C C = C 1 ) C ( F ) ( F ) F
37,P(C1=CC=CC=C1)(C2=CC=CC=C2)CCCCP(C3=CC=CC=C3)C4=CC=CC=C4,O=C(C1CCCCC1)C2=CC=CC=C2,98.0,P ( C 1 = C C = C C = C 1 ) ( C 2 = C C = C C = C 2 ) C C C C P ( C 3 = C C = C C = C 3 ) C 4 = C C = C C = C 4,O = C ( C 1 C C C C C 1 ) C 2 = C C = C C = C 2
38,P(C1=CC=CC=C1)(C2=CC=CC=C2)CCCCP(C3=CC=CC=C3)C4=CC=CC=C4,O=C1CCCC2=CC=CC=C21,5.0,P ( C 1 = C C = C C = C 1 ) ( C 2 = C C = C C = C 2 ) C C C C P ( C 3 = C C = C C = C 3 ) C 4 = C C = C C = C 4,O = C 1 C C C C 2 = C C = C C = C 2 1
39,P(C1=CC=CC=C1)(C2=CC=CC=C2)CCCCP(C3=CC=CC=C3)C4=CC=CC=C4,O=C1CCC2=CC=CC=C2C1,84.0,P ( C 1 = C C = C C = C 1 ) ( C 2 = C C = C C = C 2 ) C C C C P ( C 3 = C C = C C = C 3 ) C 4 = C C = C C = C 4,O = C 1 C C C 2 = C C = C C = C 2 C 1
40,P(C1=CC=CC=C1)(C2=CC=CC=C2)CCCCP(C3=CC=CC=C3)C4=CC=CC=C4,O=C(C1CCCCC1)C2CCCCC2,17.0,P ( C 1 = C C = C C = C 1 ) ( C 2 = C C = C C = C 2 ) C C C C P ( C 3 = C C = C C = C 3 ) C 4 = C C = C C = C 4,O = C ( C 1 C C C C C 1 ) C 2 C C C C C 2
41,C1(P(C2=CC=CC=C2)C3=CC=CC=C3)=CC=CC=C1P(C4=CC=CC=C4)C5=CC=CC=C5,O=C(C1=CC=CC=C1)C2=CC=CC=C2,4.0,C 1 ( P ( C 2 = C C = C C = C 2 ) C 3 = C C = C C = C 3 ) = C C = C C = C 1 P ( C 4 = C C = C C = C 4 ) C 5 = C C = C C = C 5,O = C ( C 1 = C C = C C = C 1 ) C 2 = C C = C C = C 2
42,C1(P(C2=CC=CC=C2)C3=CC=CC=C3)=CC=CC=C1P(C4=CC=CC=C4)C5=CC=CC=C5,O=C(C1=CC=C(C)C=C1)C2=CC=C(C)C=C2,3.0,C 1 ( P ( C 2 = C C = C C = C 2 ) C 3 = C C = C C = C 3 ) = C C = C C = C 1 P ( C 4 = C C = C C = C 4 ) C 5 = C C = C C = C 5,O = C ( C 1 = C C = C ( C ) C = C 1 ) C 2 = C C = C ( C ) C = C 2
43,C1(P(C2=CC=CC=C2)C3=CC=CC=C3)=CC=CC=C1P(C4=CC=CC=C4)C5=CC=CC=C5,O=C(C1=CC=C(C=C1)OC)C2=CC=C(C=C2)OC,7.0,C 1 ( P ( C 2 = C C = C C = C 2 ) C 3 = C C = C C = C 3 ) = C C = C C = C 1 P ( C 4 = C C = C C = C 4 ) C 5 = C C = C C = C 5,O = C ( C 1 = C C = C ( C = C 1 ) O C ) C 2 = C C = C ( C = C 2 ) O C
44,C1(P(C2=CC=CC=C2)C3=CC=CC=C3)=CC=CC=C1P(C4=CC=CC=C4)C5=CC=CC=C5,O=C(C1=CC=C(F)C=C1)C2=CC=C(F)C=C2,6.0,C 1 ( P ( C 2 = C C = C C = C 2 ) C 3 = C C = C C = C 3 ) = C C = C C = C 1 P ( C 4 = C C = C C = C 4 ) C 5 = C C = C C = C 5,O = C ( C 1 = C C = C ( F ) C = C 1 ) C 2 = C C = C ( F ) C = C 2
45,C1(P(C2=CC=CC=C2)C3=CC=CC=C3)=CC=CC=C1P(C4=CC=CC=C4)C5=CC=CC=C5,CC(C1=CC=CC=C1)=O,3.0,C 1 ( P ( C 2 = C C = C C = C 2 ) C 3 = C C = C C = C 3 ) = C C = C C = C 1 P ( C 4 = C C = C C = C 4 ) C 5 = C C = C C = C 5,C C ( C 1 = C C = C C = C 1 ) = O
46,C1(P(C2=CC=CC=C2)C3=CC=CC=C3)=CC=CC=C1P(C4=CC=CC=C4)C5=CC=CC=C5,O=C(C1=CC=CC=C1)C(F)(F)F,36.0,C 1 ( P ( C 2 = C C = C C = C 2 ) C 3 = C C = C C = C 3 ) = C C = C C = C 1 P ( C 4 = C C = C C = C 4 ) C 5 = C C = C C = C 5,O = C ( C 1 = C C = C C = C 1 ) C ( F ) ( F ) F
47,C1(P(C2=CC=CC=C2)C3=CC=CC=C3)=CC=CC=C1P(C4=CC=CC=C4)C5=CC=CC=C5,O=C(C1CCCCC1)C2=CC=CC=C2,2.0,C 1 ( P ( C 2 = C C = C C = C 2 ) C 3 = C C = C C = C 3 ) = C C = C C = C 1 P ( C 4 = C C = C C = C 4 ) C 5 = C C = C C = C 5,O = C ( C 1 C C C C C 1 ) C 2 = C C = C C = C 2
48,C1(P(C2=CC=CC=C2)C3=CC=CC=C3)=CC=CC=C1P(C4=CC=CC=C4)C5=CC=CC=C5,O=C1CCCC2=CC=CC=C21,1.0,C 1 ( P ( C 2 = C C = C C = C 2 ) C 3 = C C = C C = C 3 ) = C C = C C = C 1 P ( C 4 = C C = C C = C 4 ) C 5 = C C = C C = C 5,O = C 1 C C C C 2 = C C = C C = C 2 1
49,C1(P(C2=CC=CC=C2)C3=CC=CC=C3)=CC=CC=C1P(C4=CC=CC=C4)C5=CC=CC=C5,O=C1CCC2=CC=CC=C2C1,12.0,C 1 ( P ( C 2 = C C = C C = C 2 ) C 3 = C C = C C = C 3 ) = C C = C C = C 1 P ( C 4 = C C = C C = C 4 ) C 5 = C C = C C = C 5,O = C 1 C C C 2 = C C = C C = C 2 C 1
50,C1(P(C2=CC=CC=C2)C3=CC=CC=C3)=CC=CC=C1P(C4=CC=CC=C4)C5=CC=CC=C5,O=C(C1CCCCC1)C2CCCCC2,0.0,C 1 ( P ( C 2 = C C = C C = C 2 ) C 3 = C C = C C = C 3 ) = C C = C C = C 1 P ( C 4 = C C = C C = C 4 ) C 5 = C C = C C = C 5,O = C ( C 1 C C C C C 1 ) C 2 C C C C C 2
51,C1(C2=C(P(C3=CC=CC=C3)C4=CC=CC=C4)C=CC=C2)=C(P(C5=CC=CC=C5)C6=CC=CC=C6)C=CC=C1,O=C(C1=CC=CC=C1)C2=CC=CC=C2,25.0,C 1 ( C 2 = C ( P ( C 3 = C C = C C = C 3 ) C 4 = C C = C C = C 4 ) C = C C = C 2 ) = C ( P ( C 5 = C C = C C = C 5 ) C 6 = C C = C C = C 6 ) C = C C = C 1,O = C ( C 1 = C C = C C = C 1 ) C 2 = C C = C C = C 2
52,C1(C2=C(P(C3=CC=CC=C3)C4=CC=CC=C4)C=CC=C2)=C(P(C5=CC=CC=C5)C6=CC=CC=C6)C=CC=C1,O=C(C1=CC=C(C)C=C1)C2=CC=C(C)C=C2,13.0,C 1 ( C 2 = C ( P ( C 3 = C C = C C = C 3 ) C 4 = C C = C C = C 4 ) C = C C = C 2 ) = C ( P ( C 5 = C C = C C = C 5 ) C 6 = C C = C C = C 6 ) C = C C = C 1,O = C ( C 1 = C C = C ( C ) C = C 1 ) C 2 = C C = C ( C ) C = C 2
53,C1(C2=C(P(C3=CC=CC=C3)C4=CC=CC=C4)C=CC=C2)=C(P(C5=CC=CC=C5)C6=CC=CC=C6)C=CC=C1,O=C(C1=CC=C(C=C1)OC)C2=CC=C(C=C2)OC,10.0,C 1 ( C 2 = C ( P ( C 3 = C C = C C = C 3 ) C 4 = C C = C C = C 4 ) C = C C = C 2 ) = C ( P ( C 5 = C C = C C = C 5 ) C 6 = C C = C C = C 6 ) C = C C = C 1,O = C ( C 1 = C C = C ( C = C 1 ) O C ) C 2 = C C = C ( C = C 2 ) O C
54,C1(C2=C(P(C3=CC=CC=C3)C4=CC=CC=C4)C=CC=C2)=C(P(C5=CC=CC=C5)C6=CC=CC=C6)C=CC=C1,O=C(C1=CC=C(F)C=C1)C2=CC=C(F)C=C2,51.0,C 1 ( C 2 = C ( P ( C 3 = C C = C C = C 3 ) C 4 = C C = C C = C 4 ) C = C C = C 2 ) = C ( P ( C 5 = C C = C C = C 5 ) C 6 = C C = C C = C 6 ) C = C C = C 1,O = C ( C 1 = C C = C ( F ) C = C 1 ) C 2 = C C = C ( F ) C = C 2
55,C1(C2=C(P(C3=CC=CC=C3)C4=CC=CC=C4)C=CC=C2)=C(P(C5=CC=CC=C5)C6=CC=CC=C6)C=CC=C1,CC(C1=CC=CC=C1)=O,21.0,C 1 ( C 2 = C ( P ( C 3 = C C = C C = C 3 ) C 4 = C C = C C = C 4 ) C = C C = C 2 ) = C ( P ( C 5 = C C = C C = C 5 ) C 6 = C C = C C = C 6 ) C = C C = C 1,C C ( C 1 = C C = C C = C 1 ) = O
56,C1(C2=C(P(C3=CC=CC=C3)C4=CC=CC=C4)C=CC=C2)=C(P(C5=CC=CC=C5)C6=CC=CC=C6)C=CC=C1,O=C(C1=CC=CC=C1)C(F)(F)F,96.0,C 1 ( C 2 = C ( P ( C 3 = C C = C C = C 3 ) C 4 = C C = C C = C 4 ) C = C C = C 2 ) = C ( P ( C 5 = C C = C C = C 5 ) C 6 = C C = C C = C 6 ) C = C C = C 1,O = C ( C 1 = C C = C C = C 1 ) C ( F ) ( F ) F
57,C1(C2=C(P(C3=CC=CC=C3)C4=CC=CC=C4)C=CC=C2)=C(P(C5=CC=CC=C5)C6=CC=CC=C6)C=CC=C1,O=C(C1CCCCC1)C2=CC=CC=C2,11.0,C 1 ( C 2 = C ( P ( C 3 = C C = C C = C 3 ) C 4 = C C = C C = C 4 ) C = C C = C 2 ) = C ( P ( C 5 = C C = C C = C 5 ) C 6 = C C = C C = C 6 ) C = C C = C 1,O = C ( C 1 C C C C C 1 ) C 2 = C C = C C = C 2
58,C1(C2=C(P(C3=CC=CC=C3)C4=CC=CC=C4)C=CC=C2)=C(P(C5=CC=CC=C5)C6=CC=CC=C6)C=CC=C1,O=C1CCCC2=CC=CC=C21,13.0,C 1 ( C 2 = C ( P ( C 3 = C C = C C = C 3 ) C 4 = C C = C C = C 4 ) C = C C = C 2 ) = C ( P ( C 5 = C C = C C = C 5 ) C 6 = C C = C C = C 6 ) C = C C = C 1,O = C 1 C C C C 2 = C C = C C = C 2 1
59,C1(C2=C(P(C3=CC=CC=C3)C4=CC=CC=C4)C=CC=C2)=C(P(C5=CC=CC=C5)C6=CC=CC=C6)C=CC=C1,O=C1CCC2=CC=CC=C2C1,95.0,C 1 ( C 2 = C ( P ( C 3 = C C = C C = C 3 ) C 4 = C C = C C = C 4 ) C = C C = C 2 ) = C ( P ( C 5 = C C = C C = C 5 ) C 6 = C C = C C = C 6 ) C = C C = C 1,O = C 1 C C C 2 = C C = C C = C 2 C 1
60,C1(C2=C(P(C3=CC=CC=C3)C4=CC=CC=C4)C=CC=C2)=C(P(C5=CC=CC=C5)C6=CC=CC=C6)C=CC=C1,O=C(C1CCCCC1)C2CCCCC2,3.0,C 1 ( C 2 = C ( P ( C 3 = C C = C C = C 3 ) C 4 = C C = C C = C 4 ) C = C C = C 2 ) = C ( P ( C 5 = C C = C C = C 5 ) C 6 = C C = C C = C 6 ) C = C C = C 1,O = C ( C 1 C C C C C 1 ) C 2 C C C C C 2
61,C12=CC=CC(P(C3=CC=CC=C3)C4=CC=CC=C4)=C1C(P(C5=CC=CC=C5)C6=CC=CC=C6)=CC=C2,O=C(C1=CC=CC=C1)C2=CC=CC=C2,31.0,C 1 2 = C C = C C ( P ( C 3 = C C = C C = C 3 ) C 4 = C C = C C = C 4 ) = C 1 C ( P ( C 5 = C C = C C = C 5 ) C 6 = C C = C C = C 6 ) = C C = C 2,O = C ( C 1 = C C = C C = C 1 ) C 2 = C C = C C = C 2
62,C12=CC=CC(P(C3=CC=CC=C3)C4=CC=CC=C4)=C1C(P(C5=CC=CC=C5)C6=CC=CC=C6)=CC=C2,O=C(C1=CC=C(C)C=C1)C2=CC=C(C)C=C2,6.0,C 1 2 = C C = C C ( P ( C 3 = C C = C C = C 3 ) C 4 = C C = C C = C 4 ) = C 1 C ( P ( C 5 = C C = C C = C 5 ) C 6 = C C = C C = C 6 ) = C C = C 2,O = C ( C 1 = C C = C ( C ) C = C 1 ) C 2 = C C = C ( C ) C = C 2
63,C12=CC=CC(P(C3=CC=CC=C3)C4=CC=CC=C4)=C1C(P(C5=CC=CC=C5)C6=CC=CC=C6)=CC=C2,O=C(C1=CC=C(C=C1)OC)C2=CC=C(C=C2)OC,4.0,C 1 2 = C C = C C ( P ( C 3 = C C = C C = C 3 ) C 4 = C C = C C = C 4 ) = C 1 C ( P ( C 5 = C C = C C = C 5 ) C 6 = C C = C C = C 6 ) = C C = C 2,O = C ( C 1 = C C = C ( C = C 1 ) O C ) C 2 = C C = C ( C = C 2 ) O C
64,C12=CC=CC(P(C3=CC=CC=C3)C4=CC=CC=C4)=C1C(P(C5=CC=CC=C5)C6=CC=CC=C6)=CC=C2,O=C(C1=CC=C(F)C=C1)C2=CC=C(F)C=C2,17.0,C 1 2 = C C = C C ( P ( C 3 = C C = C C = C 3 ) C 4 = C C = C C = C 4 ) = C 1 C ( P ( C 5 = C C = C C = C 5 ) C 6 = C C = C C = C 6 ) = C C = C 2,O = C ( C 1 = C C = C ( F ) C = C 1 ) C 2 = C C = C ( F ) C = C 2
65,C12=CC=CC(P(C3=CC=CC=C3)C4=CC=CC=C4)=C1C(P(C5=CC=CC=C5)C6=CC=CC=C6)=CC=C2,CC(C1=CC=CC=C1)=O,14.0,C 1 2 = C C = C C ( P ( C 3 = C C = C C = C 3 ) C 4 = C C = C C = C 4 ) = C 1 C ( P ( C 5 = C C = C C = C 5 ) C 6 = C C = C C = C 6 ) = C C = C 2,C C ( C 1 = C C = C C = C 1 ) = O
66,C12=CC=CC(P(C3=CC=CC=C3)C4=CC=CC=C4)=C1C(P(C5=CC=CC=C5)C6=CC=CC=C6)=CC=C2,O=C(C1=CC=CC=C1)C(F)(F)F,73.0,C 1 2 = C C = C C ( P ( C 3 = C C = C C = C 3 ) C 4 = C C = C C = C 4 ) = C 1 C ( P ( C 5 = C C = C C = C 5 ) C 6 = C C = C C = C 6 ) = C C = C 2,O = C ( C 1 = C C = C C = C 1 ) C ( F ) ( F ) F
67,C12=CC=CC(P(C3=CC=CC=C3)C4=CC=CC=C4)=C1C(P(C5=CC=CC=C5)C6=CC=CC=C6)=CC=C2,O=C(C1CCCCC1)C2=CC=CC=C2,5.0,C 1 2 = C C = C C ( P ( C 3 = C C = C C = C 3 ) C 4 = C C = C C = C 4 ) = C 1 C ( P ( C 5 = C C = C C = C 5 ) C 6 = C C = C C = C 6 ) = C C = C 2,O = C ( C 1 C C C C C 1 ) C 2 = C C = C C = C 2
68,C12=CC=CC(P(C3=CC=CC=C3)C4=CC=CC=C4)=C1C(P(C5=CC=CC=C5)C6=CC=CC=C6)=CC=C2,O=C1CCCC2=CC=CC=C21,7.0,C 1 2 = C C = C C ( P ( C 3 = C C = C C = C 3 ) C 4 = C C = C C = C 4 ) = C 1 C ( P ( C 5 = C C = C C = C 5 ) C 6 = C C = C C = C 6 ) = C C = C 2,O = C 1 C C C C 2 = C C = C C = C 2 1
69,C12=CC=CC(P(C3=CC=CC=C3)C4=CC=CC=C4)=C1C(P(C5=CC=CC=C5)C6=CC=CC=C6)=CC=C2,O=C1CCC2=CC=CC=C2C1,36.0,C 1 2 = C C = C C ( P ( C 3 = C C = C C = C 3 ) C 4 = C C = C C = C 4 ) = C 1 C ( P ( C 5 = C C = C C = C 5 ) C 6 = C C = C C = C 6 ) = C C = C 2,O = C 1 C C C 2 = C C = C C = C 2 C 1
70,C12=CC=CC(P(C3=CC=CC=C3)C4=CC=CC=C4)=C1C(P(C5=CC=CC=C5)C6=CC=CC=C6)=CC=C2,O=C(C1CCCCC1)C2CCCCC2,0.0,C 1 2 = C C = C C ( P ( C 3 = C C = C C = C 3 ) C 4 = C C = C C = C 4 ) = C 1 C ( P ( C 5 = C C = C C = C 5 ) C 6 = C C = C C = C 6 ) = C C = C 2,O = C ( C 1 C C C C C 1 ) C 2 C C C C C 2
71,C1(OC2=CC=CC=C2P(C3=CC=CC=C3)C4=CC=CC=C4)=C(P(C5=CC=CC=C5)C6=CC=CC=C6)C=CC=C1,O=C(C1=CC=CC=C1)C2=CC=CC=C2,99.0,C 1 ( O C 2 = C C = C C = C 2 P ( C 3 = C C = C C = C 3 ) C 4 = C C = C C = C 4 ) = C ( P ( C 5 = C C = C C = C 5 ) C 6 = C C = C C = C 6 ) C = C C = C 1,O = C ( C 1 = C C = C C = C 1 ) C 2 = C C = C C = C 2
72,C1(OC2=CC=CC=C2P(C3=CC=CC=C3)C4=CC=CC=C4)=C(P(C5=CC=CC=C5)C6=CC=CC=C6)C=CC=C1,O=C(C1=CC=C(C)C=C1)C2=CC=C(C)C=C2,99.0,C 1 ( O C 2 = C C = C C = C 2 P ( C 3 = C C = C C = C 3 ) C 4 = C C = C C = C 4 ) = C ( P ( C 5 = C C = C C = C 5 ) C 6 = C C = C C = C 6 ) C = C C = C 1,O = C ( C 1 = C C = C ( C ) C = C 1 ) C 2 = C C = C ( C ) C = C 2
73,C1(OC2=CC=CC=C2P(C3=CC=CC=C3)C4=CC=CC=C4)=C(P(C5=CC=CC=C5)C6=CC=CC=C6)C=CC=C1,O=C(C1=CC=C(C=C1)OC)C2=CC=C(C=C2)OC,85.0,C 1 ( O C 2 = C C = C C = C 2 P ( C 3 = C C = C C = C 3 ) C 4 = C C = C C = C 4 ) = C ( P ( C 5 = C C = C C = C 5 ) C 6 = C C = C C = C 6 ) C = C C = C 1,O = C ( C 1 = C C = C ( C = C 1 ) O C ) C 2 = C C = C ( C = C 2 ) O C
74,C1(OC2=CC=CC=C2P(C3=CC=CC=C3)C4=CC=CC=C4)=C(P(C5=CC=CC=C5)C6=CC=CC=C6)C=CC=C1,O=C(C1=CC=C(F)C=C1)C2=CC=C(F)C=C2,99.0,C 1 ( O C 2 = C C = C C = C 2 P ( C 3 = C C = C C = C 3 ) C 4 = C C = C C = C 4 ) = C ( P ( C 5 = C C = C C = C 5 ) C 6 = C C = C C = C 6 ) C = C C = C 1,O = C ( C 1 = C C = C ( F ) C = C 1 ) C 2 = C C = C ( F ) C = C 2
75,C1(OC2=CC=CC=C2P(C3=CC=CC=C3)C4=CC=CC=C4)=C(P(C5=CC=CC=C5)C6=CC=CC=C6)C=CC=C1,CC(C1=CC=CC=C1)=O,86.0,C 1 ( O C 2 = C C = C C = C 2 P ( C 3 = C C = C C = C 3 ) C 4 = C C = C C = C 4 ) = C ( P ( C 5 = C C = C C = C 5 ) C 6 = C C = C C = C 6 ) C = C C = C 1,C C ( C 1 = C C = C C = C 1 ) = O
76,C1(OC2=CC=CC=C2P(C3=CC=CC=C3)C4=CC=CC=C4)=C(P(C5=CC=CC=C5)C6=CC=CC=C6)C=CC=C1,O=C(C1=CC=CC=C1)C(F)(F)F,91.0,C 1 ( O C 2 = C C = C C = C 2 P ( C 3 = C C = C C = C 3 ) C 4 = C C = C C = C 4 ) = C ( P ( C 5 = C C = C C = C 5 ) C 6 = C C = C C = C 6 ) C = C C = C 1,O = C ( C 1 = C C = C C = C 1 ) C ( F ) ( F ) F
77,C1(OC2=CC=CC=C2P(C3=CC=CC=C3)C4=CC=CC=C4)=C(P(C5=CC=CC=C5)C6=CC=CC=C6)C=CC=C1,O=C(C1CCCCC1)C2=CC=CC=C2,98.0,C 1 ( O C 2 = C C = C C = C 2 P ( C 3 = C C = C C = C 3 ) C 4 = C C = C C = C 4 ) = C ( P ( C 5 = C C = C C = C 5 ) C 6 = C C = C C = C 6 ) C = C C = C 1,O = C ( C 1 C C C C C 1 ) C 2 = C C = C C = C 2
78,C1(OC2=CC=CC=C2P(C3=CC=CC=C3)C4=CC=CC=C4)=C(P(C5=CC=CC=C5)C6=CC=CC=C6)C=CC=C1,O=C1CCCC2=CC=CC=C21,39.0,C 1 ( O C 2 = C C = C C = C 2 P ( C 3 = C C = C C = C 3 ) C 4 = C C = C C = C 4 ) = C ( P ( C 5 = C C = C C = C 5 ) C 6 = C C = C C = C 6 ) C = C C = C 1,O = C 1 C C C C 2 = C C = C C = C 2 1
79,C1(OC2=CC=CC=C2P(C3=CC=CC=C3)C4=CC=CC=C4)=C(P(C5=CC=CC=C5)C6=CC=CC=C6)C=CC=C1,O=C1CCC2=CC=CC=C2C1,94.0,C 1 ( O C 2 = C C = C C = C 2 P ( C 3 = C C = C C = C 3 ) C 4 = C C = C C = C 4 ) = C ( P ( C 5 = C C = C C = C 5 ) C 6 = C C = C C = C 6 ) C = C C = C 1,O = C 1 C C C 2 = C C = C C = C 2 C 1
80,C1(OC2=CC=CC=C2P(C3=CC=CC=C3)C4=CC=CC=C4)=C(P(C5=CC=CC=C5)C6=CC=CC=C6)C=CC=C1,O=C(C1CCCCC1)C2CCCCC2,18.0,C 1 ( O C 2 = C C = C C = C 2 P ( C 3 = C C = C C = C 3 ) C 4 = C C = C C = C 4 ) = C ( P ( C 5 = C C = C C = C 5 ) C 6 = C C = C C = C 6 ) C = C C = C 1,O = C ( C 1 C C C C C 1 ) C 2 C C C C C 2
81,CC1(C)C2=CC=CC(P(C3=CC=CC=C3)C4=CC=CC=C4)=C2OC5=C1C=CC=C5P(C6=CC=CC=C6)C7=CC=CC=C7,O=C(C1=CC=CC=C1)C2=CC=CC=C2,96.0,C C 1 ( C ) C 2 = C C = C C ( P ( C 3 = C C = C C = C 3 ) C 4 = C C = C C = C 4 ) = C 2 O C 5 = C 1 C = C C = C 5 P ( C 6 = C C = C C = C 6 ) C 7 = C C = C C = C 7,O = C ( C 1 = C C = C C = C 1 ) C 2 = C C = C C = C 2
82,CC1(C)C2=CC=CC(P(C3=CC=CC=C3)C4=CC=CC=C4)=C2OC5=C1C=CC=C5P(C6=CC=CC=C6)C7=CC=CC=C7,O=C(C1=CC=C(C)C=C1)C2=CC=C(C)C=C2,99.0,C C 1 ( C ) C 2 = C C = C C ( P ( C 3 = C C = C C = C 3 ) C 4 = C C = C C = C 4 ) = C 2 O C 5 = C 1 C = C C = C 5 P ( C 6 = C C = C C = C 6 ) C 7 = C C = C C = C 7,O = C ( C 1 = C C = C ( C ) C = C 1 ) C 2 = C C = C ( C ) C = C 2
83,CC1(C)C2=CC=CC(P(C3=CC=CC=C3)C4=CC=CC=C4)=C2OC5=C1C=CC=C5P(C6=CC=CC=C6)C7=CC=CC=C7,O=C(C1=CC=C(C=C1)OC)C2=CC=C(C=C2)OC,88.0,C C 1 ( C ) C 2 = C C = C C ( P ( C 3 = C C = C C = C 3 ) C 4 = C C = C C = C 4 ) = C 2 O C 5 = C 1 C = C C = C 5 P ( C 6 = C C = C C = C 6 ) C 7 = C C = C C = C 7,O = C ( C 1 = C C = C ( C = C 1 ) O C ) C 2 = C C = C ( C = C 2 ) O C
84,CC1(C)C2=CC=CC(P(C3=CC=CC=C3)C4=CC=CC=C4)=C2OC5=C1C=CC=C5P(C6=CC=CC=C6)C7=CC=CC=C7,O=C(C1=CC=C(F)C=C1)C2=CC=C(F)C=C2,99.0,C C 1 ( C ) C 2 = C C = C C ( P ( C 3 = C C = C C = C 3 ) C 4 = C C = C C = C 4 ) = C 2 O C 5 = C 1 C = C C = C 5 P ( C 6 = C C = C C = C 6 ) C 7 = C C = C C = C 7,O = C ( C 1 = C C = C ( F ) C = C 1 ) C 2 = C C = C ( F ) C = C 2
85,CC1(C)C2=CC=CC(P(C3=CC=CC=C3)C4=CC=CC=C4)=C2OC5=C1C=CC=C5P(C6=CC=CC=C6)C7=CC=CC=C7,CC(C1=CC=CC=C1)=O,70.0,C C 1 ( C ) C 2 = C C = C C ( P ( C 3 = C C = C C = C 3 ) C 4 = C C = C C = C 4 ) = C 2 O C 5 = C 1 C = C C = C 5 P ( C 6 = C C = C C = C 6 ) C 7 = C C = C C = C 7,C C ( C 1 = C C = C C = C 1 ) = O
86,CC1(C)C2=CC=CC(P(C3=CC=CC=C3)C4=CC=CC=C4)=C2OC5=C1C=CC=C5P(C6=CC=CC=C6)C7=CC=CC=C7,O=C(C1=CC=CC=C1)C(F)(F)F,90.0,C C 1 ( C ) C 2 = C C = C C ( P ( C 3 = C C = C C = C 3 ) C 4 = C C = C C = C 4 ) = C 2 O C 5 = C 1 C = C C = C 5 P ( C 6 = C C = C C = C 6 ) C 7 = C C = C C = C 7,O = C ( C 1 = C C = C C = C 1 ) C ( F ) ( F ) F
87,CC1(C)C2=CC=CC(P(C3=CC=CC=C3)C4=CC=CC=C4)=C2OC5=C1C=CC=C5P(C6=CC=CC=C6)C7=CC=CC=C7,O=C(C1CCCCC1)C2=CC=CC=C2,96.0,C C 1 ( C ) C 2 = C C = C C ( P ( C 3 = C C = C C = C 3 ) C 4 = C C = C C = C 4 ) = C 2 O C 5 = C 1 C = C C = C 5 P ( C 6 = C C = C C = C 6 ) C 7 = C C = C C = C 7,O = C ( C 1 C C C C C 1 ) C 2 = C C = C C = C 2
88,CC1(C)C2=CC=CC(P(C3=CC=CC=C3)C4=CC=CC=C4)=C2OC5=C1C=CC=C5P(C6=CC=CC=C6)C7=CC=CC=C7,O=C1CCCC2=CC=CC=C21,19.0,C C 1 ( C ) C 2 = C C = C C ( P ( C 3 = C C = C C = C 3 ) C 4 = C C = C C = C 4 ) = C 2 O C 5 = C 1 C = C C = C 5 P ( C 6 = C C = C C = C 6 ) C 7 = C C = C C = C 7,O = C 1 C C C C 2 = C C = C C = C 2 1
89,CC1(C)C2=CC=CC(P(C3=CC=CC=C3)C4=CC=CC=C4)=C2OC5=C1C=CC=C5P(C6=CC=CC=C6)C7=CC=CC=C7,O=C1CCC2=CC=CC=C2C1,96.0,C C 1 ( C ) C 2 = C C = C C ( P ( C 3 = C C = C C = C 3 ) C 4 = C C = C C = C 4 ) = C 2 O C 5 = C 1 C = C C = C 5 P ( C 6 = C C = C C = C 6 ) C 7 = C C = C C = C 7,O = C 1 C C C 2 = C C = C C = C 2 C 1
90,CC1(C)C2=CC=CC(P(C3=CC=CC=C3)C4=CC=CC=C4)=C2OC5=C1C=CC=C5P(C6=CC=CC=C6)C7=CC=CC=C7,O=C(C1CCCCC1)C2CCCCC2,27.0,C C 1 ( C ) C 2 = C C = C C ( P ( C 3 = C C = C C = C 3 ) C 4 = C C = C C = C 4 ) = C 2 O C 5 = C 1 C = C C = C 5 P ( C 6 = C C = C C = C 6 ) C 7 = C C = C C = C 7,O = C ( C 1 C C C C C 1 ) C 2 C C C C C 2
91,CC(P(C(C)(C)C)OC1=CC=CC(OP(C(C)(C)C)C(C)(C)C)=C1)(C)C,O=C(C1=CC=CC=C1)C2=CC=CC=C2,3.0,C C ( P ( C ( C ) ( C ) C ) O C 1 = C C = C C ( O P ( C ( C ) ( C ) C ) C ( C ) ( C ) C ) = C 1 ) ( C ) C,O = C ( C 1 = C C = C C = C 1 ) C 2 = C C = C C = C 2
92,CC(P(C(C)(C)C)OC1=CC=CC(OP(C(C)(C)C)C(C)(C)C)=C1)(C)C,O=C(C1=CC=C(C)C=C1)C2=CC=C(C)C=C2,2.0,C C ( P ( C ( C ) ( C ) C ) O C 1 = C C = C C ( O P ( C ( C ) ( C ) C ) C ( C ) ( C ) C ) = C 1 ) ( C ) C,O = C ( C 1 = C C = C ( C ) C = C 1 ) C 2 = C C = C ( C ) C = C 2
93,CC(P(C(C)(C)C)OC1=CC=CC(OP(C(C)(C)C)C(C)(C)C)=C1)(C)C,O=C(C1=CC=C(C=C1)OC)C2=CC=C(C=C2)OC,1.0,C C ( P ( C ( C ) ( C ) C ) O C 1 = C C = C C ( O P ( C ( C ) ( C ) C ) C ( C ) ( C ) C ) = C 1 ) ( C ) C,O = C ( C 1 = C C = C ( C = C 1 ) O C ) C 2 = C C = C ( C = C 2 ) O C
94,CC(P(C(C)(C)C)OC1=CC=CC(OP(C(C)(C)C)C(C)(C)C)=C1)(C)C,O=C(C1=CC=C(F)C=C1)C2=CC=C(F)C=C2,3.0,C C ( P ( C ( C ) ( C ) C ) O C 1 = C C = C C ( O P ( C ( C ) ( C ) C ) C ( C ) ( C ) C ) = C 1 ) ( C ) C,O = C ( C 1 = C C = C ( F ) C = C 1 ) C 2 = C C = C ( F ) C = C 2
95,CC(P(C(C)(C)C)OC1=CC=CC(OP(C(C)(C)C)C(C)(C)C)=C1)(C)C,CC(C1=CC=CC=C1)=O,4.0,C C ( P ( C ( C ) ( C ) C ) O C 1 = C C = C C ( O P ( C ( C ) ( C ) C ) C ( C ) ( C ) C ) = C 1 ) ( C ) C,C C ( C 1 = C C = C C = C 1 ) = O
96,CC(P(C(C)(C)C)OC1=CC=CC(OP(C(C)(C)C)C(C)(C)C)=C1)(C)C,O=C(C1=CC=CC=C1)C(F)(F)F,76.0,C C ( P ( C ( C ) ( C ) C ) O C 1 = C C = C C ( O P ( C ( C ) ( C ) C ) C ( C ) ( C ) C ) = C 1 ) ( C ) C,O = C ( C 1 = C C = C C = C 1 ) C ( F ) ( F ) F
97,CC(P(C(C)(C)C)OC1=CC=CC(OP(C(C)(C)C)C(C)(C)C)=C1)(C)C,O=C(C1CCCCC1)C2=CC=CC=C2,2.0,C C ( P ( C ( C ) ( C ) C ) O C 1 = C C = C C ( O P ( C ( C ) ( C ) C ) C ( C ) ( C ) C ) = C 1 ) ( C ) C,O = C ( C 1 C C C C C 1 ) C 2 = C C = C C = C 2
98,CC(P(C(C)(C)C)OC1=CC=CC(OP(C(C)(C)C)C(C)(C)C)=C1)(C)C,O=C1CCCC2=CC=CC=C21,1.0,C C ( P ( C ( C ) ( C ) C ) O C 1 = C C = C C ( O P ( C ( C ) ( C ) C ) C ( C ) ( C ) C ) = C 1 ) ( C ) C,O = C 1 C C C C 2 = C C = C C = C 2 1
99,CC(P(C(C)(C)C)OC1=CC=CC(OP(C(C)(C)C)C(C)(C)C)=C1)(C)C,O=C1CCC2=CC=CC=C2C1,0.0,C C ( P ( C ( C ) ( C ) C ) O C 1 = C C = C C ( O P ( C ( C ) ( C ) C ) C ( C ) ( C ) C ) = C 1 ) ( C ) C,O = C 1 C C C 2 = C C = C C = C 2 C 1
100,CC(P(C(C)(C)C)OC1=CC=CC(OP(C(C)(C)C)C(C)(C)C)=C1)(C)C,O=C(C1CCCCC1)C2CCCCC2,0.0,C C ( P ( C ( C ) ( C ) C ) O C 1 = C C = C C ( O P ( C ( C ) ( C ) C ) C ( C ) ( C ) C ) = C 1 ) ( C ) C,O = C ( C 1 C C C C C 1 ) C 2 C C C C C 2
101,C1=CC=C(C=C1)P([C-]2C=CC=C2)C3=CC=CC=C3.C1=CC=C(C=C1)P([C-]2C=CC=C2)C3=CC=CC=C3.[Fe+2],O=C(C1=CC=CC=C1)C2=CC=CC=C2,93.0,C 1 = C C = C ( C = C 1 ) P ( [C-] 2 C = C C = C 2 ) C 3 = C C = C C = C 3 . C 1 = C C = C ( C = C 1 ) P ( [C-] 2 C = C C = C 2 ) C 3 = C C = C C = C 3 . [Fe+2],O = C ( C 1 = C C = C C = C 1 ) C 2 = C C = C C = C 2
102,C1=CC=C(C=C1)P([C-]2C=CC=C2)C3=CC=CC=C3.C1=CC=C(C=C1)P([C-]2C=CC=C2)C3=CC=CC=C3.[Fe+2],O=C(C1=CC=C(C)C=C1)C2=CC=C(C)C=C2,95.0,C 1 = C C = C ( C = C 1 ) P ( [C-] 2 C = C C = C 2 ) C 3 = C C = C C = C 3 . C 1 = C C = C ( C = C 1 ) P ( [C-] 2 C = C C = C 2 ) C 3 = C C = C C = C 3 . [Fe+2],O = C ( C 1 = C C = C ( C ) C = C 1 ) C 2 = C C = C ( C ) C = C 2
103,C1=CC=C(C=C1)P([C-]2C=CC=C2)C3=CC=CC=C3.C1=CC=C(C=C1)P([C-]2C=CC=C2)C3=CC=CC=C3.[Fe+2],O=C(C1=CC=C(C=C1)OC)C2=CC=C(C=C2)OC,91.0,C 1 = C C = C ( C = C 1 ) P ( [C-] 2 C = C C = C 2 ) C 3 = C C = C C = C 3 . C 1 = C C = C ( C = C 1 ) P ( [C-] 2 C = C C = C 2 ) C 3 = C C = C C = C 3 . [Fe+2],O = C ( C 1 = C C = C ( C = C 1 ) O C ) C 2 = C C = C ( C = C 2 ) O C
104,C1=CC=C(C=C1)P([C-]2C=CC=C2)C3=CC=CC=C3.C1=CC=C(C=C1)P([C-]2C=CC=C2)C3=CC=CC=C3.[Fe+2],O=C(C1=CC=C(F)C=C1)C2=CC=C(F)C=C2,88.0,C 1 = C C = C ( C = C 1 ) P ( [C-] 2 C = C C = C 2 ) C 3 = C C = C C = C 3 . C 1 = C C = C ( C = C 1 ) P ( [C-] 2 C = C C = C 2 ) C 3 = C C = C C = C 3 . [Fe+2],O = C ( C 1 = C C = C ( F ) C = C 1 ) C 2 = C C = C ( F ) C = C 2
105,C1=CC=C(C=C1)P([C-]2C=CC=C2)C3=CC=CC=C3.C1=CC=C(C=C1)P([C-]2C=CC=C2)C3=CC=CC=C3.[Fe+2],CC(C1=CC=CC=C1)=O,80.0,C 1 = C C = C ( C = C 1 ) P ( [C-] 2 C = C C = C 2 ) C 3 = C C = C C = C 3 . C 1 = C C = C ( C = C 1 ) P ( [C-] 2 C = C C = C 2 ) C 3 = C C = C C = C 3 . [Fe+2],C C ( C 1 = C C = C C = C 1 ) = O
106,C1=CC=C(C=C1)P([C-]2C=CC=C2)C3=CC=CC=C3.C1=CC=C(C=C1)P([C-]2C=CC=C2)C3=CC=CC=C3.[Fe+2],O=C(C1=CC=CC=C1)C(F)(F)F,86.0,C 1 = C C = C ( C = C 1 ) P ( [C-] 2 C = C C = C 2 ) C 3 = C C = C C = C 3 . C 1 = C C = C ( C = C 1 ) P ( [C-] 2 C = C C = C 2 ) C 3 = C C = C C = C 3 . [Fe+2],O = C ( C 1 = C C = C C = C 1 ) C ( F ) ( F ) F
107,C1=CC=C(C=C1)P([C-]2C=CC=C2)C3=CC=CC=C3.C1=CC=C(C=C1)P([C-]2C=CC=C2)C3=CC=CC=C3.[Fe+2],O=C(C1CCCCC1)C2=CC=CC=C2,93.0,C 1 = C C = C ( C = C 1 ) P ( [C-] 2 C = C C = C 2 ) C 3 = C C = C C = C 3 . C 1 = C C = C ( C = C 1 ) P ( [C-] 2 C = C C = C 2 ) C 3 = C C = C C = C 3 . [Fe+2],O = C ( C 1 C C C C C 1 ) C 2 = C C = C C = C 2
108,C1=CC=C(C=C1)P([C-]2C=CC=C2)C3=CC=CC=C3.C1=CC=C(C=C1)P([C-]2C=CC=C2)C3=CC=CC=C3.[Fe+2],O=C1CCCC2=CC=CC=C21,15.0,C 1 = C C = C ( C = C 1 ) P ( [C-] 2 C = C C = C 2 ) C 3 = C C = C C = C 3 . C 1 = C C = C ( C = C 1 ) P ( [C-] 2 C = C C = C 2 ) C 3 = C C = C C = C 3 . [Fe+2],O = C 1 C C C C 2 = C C = C C = C 2 1
109,C1=CC=C(C=C1)P([C-]2C=CC=C2)C3=CC=CC=C3.C1=CC=C(C=C1)P([C-]2C=CC=C2)C3=CC=CC=C3.[Fe+2],O=C1CCC2=CC=CC=C2C1,95.0,C 1 = C C = C ( C = C 1 ) P ( [C-] 2 C = C C = C 2 ) C 3 = C C = C C = C 3 . C 1 = C C = C ( C = C 1 ) P ( [C-] 2 C = C C = C 2 ) C 3 = C C = C C = C 3 . [Fe+2],O = C 1 C C C 2 = C C = C C = C 2 C 1
110,C1=CC=C(C=C1)P([C-]2C=CC=C2)C3=CC=CC=C3.C1=CC=C(C=C1)P([C-]2C=CC=C2)C3=CC=CC=C3.[Fe+2],O=C(C1CCCCC1)C2CCCCC2,18.0,C 1 = C C = C ( C = C 1 ) P ( [C-] 2 C = C C = C 2 ) C 3 = C C = C C = C 3 . C 1 = C C = C ( C = C 1 ) P ( [C-] 2 C = C C = C 2 ) C 3 = C C = C C = C 3 . [Fe+2],O = C ( C 1 C C C C C 1 ) C 2 C C C C C 2
111,P(C1=CC=CC=C1)(C2=CC=CC=C2)C3=CC=CC=C3,O=C(C1=CC=CC=C1)C2=CC=CC=C2,85.0,P ( C 1 = C C = C C = C 1 ) ( C 2 = C C = C C = C 2 ) C 3 = C C = C C = C 3,O = C ( C 1 = C C = C C = C 1 ) C 2 = C C = C C = C 2
112,P(C1=CC=CC=C1)(C2=CC=CC=C2)C3=CC=CC=C3,O=C(C1=CC=C(C)C=C1)C2=CC=C(C)C=C2,57.0,P ( C 1 = C C = C C = C 1 ) ( C 2 = C C = C C = C 2 ) C 3 = C C = C C = C 3,O = C ( C 1 = C C = C ( C ) C = C 1 ) C 2 = C C = C ( C ) C = C 2
113,P(C1=CC=CC=C1)(C2=CC=CC=C2)C3=CC=CC=C3,O=C(C1=CC=C(C=C1)OC)C2=CC=C(C=C2)OC,31.0,P ( C 1 = C C = C C = C 1 ) ( C 2 = C C = C C = C 2 ) C 3 = C C = C C = C 3,O = C ( C 1 = C C = C ( C = C 1 ) O C ) C 2 = C C = C ( C = C 2 ) O C
114,P(C1=CC=CC=C1)(C2=CC=CC=C2)C3=CC=CC=C3,O=C(C1=CC=C(F)C=C1)C2=CC=C(F)C=C2,96.0,P ( C 1 = C C = C C = C 1 ) ( C 2 = C C = C C = C 2 ) C 3 = C C = C C = C 3,O = C ( C 1 = C C = C ( F ) C = C 1 ) C 2 = C C = C ( F ) C = C 2
115,P(C1=CC=CC=C1)(C2=CC=CC=C2)C3=CC=CC=C3,CC(C1=CC=CC=C1)=O,46.0,P ( C 1 = C C = C C = C 1 ) ( C 2 = C C = C C = C 2 ) C 3 = C C = C C = C 3,C C ( C 1 = C C = C C = C 1 ) = O
116,P(C1=CC=CC=C1)(C2=CC=CC=C2)C3=CC=CC=C3,O=C(C1=CC=CC=C1)C(F)(F)F,88.0,P ( C 1 = C C = C C = C 1 ) ( C 2 = C C = C C = C 2 ) C 3 = C C = C C = C 3,O = C ( C 1 = C C = C C = C 1 ) C ( F ) ( F ) F
117,P(C1=CC=CC=C1)(C2=CC=CC=C2)C3=CC=CC=C3,O=C(C1CCCCC1)C2=CC=CC=C2,58.0,P ( C 1 = C C = C C = C 1 ) ( C 2 = C C = C C = C 2 ) C 3 = C C = C C = C 3,O = C ( C 1 C C C C C 1 ) C 2 = C C = C C = C 2
118,P(C1=CC=CC=C1)(C2=CC=CC=C2)C3=CC=CC=C3,O=C1CCCC2=CC=CC=C21,26.0,P ( C 1 = C C = C C = C 1 ) ( C 2 = C C = C C = C 2 ) C 3 = C C = C C = C 3,O = C 1 C C C C 2 = C C = C C = C 2 1
119,P(C1=CC=CC=C1)(C2=CC=CC=C2)C3=CC=CC=C3,O=C1CCC2=CC=CC=C2C1,93.0,P ( C 1 = C C = C C = C 1 ) ( C 2 = C C = C C = C 2 ) C 3 = C C = C C = C 3,O = C 1 C C C 2 = C C = C C = C 2 C 1
120,P(C1=CC=CC=C1)(C2=CC=CC=C2)C3=CC=CC=C3,O=C(C1CCCCC1)C2CCCCC2,4.0,P ( C 1 = C C = C C = C 1 ) ( C 2 = C C = C C = C 2 ) C 3 = C C = C C = C 3,O = C ( C 1 C C C C C 1 ) C 2 C C C C C 2
121,CC(C=C1)=CC=C1P(C2=CC=C(C)C=C2)C3=CC=C(C)C=C3,O=C(C1=CC=CC=C1)C2=CC=CC=C2,84.0,C C ( C = C 1 ) = C C = C 1 P ( C 2 = C C = C ( C ) C = C 2 ) C 3 = C C = C ( C ) C = C 3,O = C ( C 1 = C C = C C = C 1 ) C 2 = C C = C C = C 2
122,CC(C=C1)=CC=C1P(C2=CC=C(C)C=C2)C3=CC=C(C)C=C3,O=C(C1=CC=C(C)C=C1)C2=CC=C(C)C=C2,54.0,C C ( C = C 1 ) = C C = C 1 P ( C 2 = C C = C ( C ) C = C 2 ) C 3 = C C = C ( C ) C = C 3,O = C ( C 1 = C C = C ( C ) C = C 1 ) C 2 = C C = C ( C ) C = C 2
123,CC(C=C1)=CC=C1P(C2=CC=C(C)C=C2)C3=CC=C(C)C=C3,O=C(C1=CC=C(C=C1)OC)C2=CC=C(C=C2)OC,34.0,C C ( C = C 1 ) = C C = C 1 P ( C 2 = C C = C ( C ) C = C 2 ) C 3 = C C = C ( C ) C = C 3,O = C ( C 1 = C C = C ( C = C 1 ) O C ) C 2 = C C = C ( C = C 2 ) O C
124,CC(C=C1)=CC=C1P(C2=CC=C(C)C=C2)C3=CC=C(C)C=C3,O=C(C1=CC=C(F)C=C1)C2=CC=C(F)C=C2,96.0,C C ( C = C 1 ) = C C = C 1 P ( C 2 = C C = C ( C ) C = C 2 ) C 3 = C C = C ( C ) C = C 3,O = C ( C 1 = C C = C ( F ) C = C 1 ) C 2 = C C = C ( F ) C = C 2
125,CC(C=C1)=CC=C1P(C2=CC=C(C)C=C2)C3=CC=C(C)C=C3,CC(C1=CC=CC=C1)=O,48.0,C C ( C = C 1 ) = C C = C 1 P ( C 2 = C C = C ( C ) C = C 2 ) C 3 = C C = C ( C ) C = C 3,C C ( C 1 = C C = C C = C 1 ) = O
126,CC(C=C1)=CC=C1P(C2=CC=C(C)C=C2)C3=CC=C(C)C=C3,O=C(C1=CC=CC=C1)C(F)(F)F,88.0,C C ( C = C 1 ) = C C = C 1 P ( C 2 = C C = C ( C ) C = C 2 ) C 3 = C C = C ( C ) C = C 3,O = C ( C 1 = C C = C C = C 1 ) C ( F ) ( F ) F
127,CC(C=C1)=CC=C1P(C2=CC=C(C)C=C2)C3=CC=C(C)C=C3,O=C(C1CCCCC1)C2=CC=CC=C2,53.0,C C ( C = C 1 ) = C C = C 1 P ( C 2 = C C = C ( C ) C = C 2 ) C 3 = C C = C ( C ) C = C 3,O = C ( C 1 C C C C C 1 ) C 2 = C C = C C = C 2
128,CC(C=C1)=CC=C1P(C2=CC=C(C)C=C2)C3=CC=C(C)C=C3,O=C1CCCC2=CC=CC=C21,22.0,C C ( C = C 1 ) = C C = C 1 P ( C 2 = C C = C ( C ) C = C 2 ) C 3 = C C = C ( C ) C = C 3,O = C 1 C C C C 2 = C C = C C = C 2 1
129,CC(C=C1)=CC=C1P(C2=CC=C(C)C=C2)C3=CC=C(C)C=C3,O=C1CCC2=CC=CC=C2C1,98.0,C C ( C = C 1 ) = C C = C 1 P ( C 2 = C C = C ( C ) C = C 2 ) C 3 = C C = C ( C ) C = C 3,O = C 1 C C C 2 = C C = C C = C 2 C 1
130,CC(C=C1)=CC=C1P(C2=CC=C(C)C=C2)C3=CC=C(C)C=C3,O=C(C1CCCCC1)C2CCCCC2,3.0,C C ( C = C 1 ) = C C = C 1 P ( C 2 = C C = C ( C ) C = C 2 ) C 3 = C C = C ( C ) C = C 3,O = C ( C 1 C C C C C 1 ) C 2 C C C C C 2
131,CC1=CC(P(C2=CC=CC(C)=C2)C3=CC=CC(C)=C3)=CC=C1,O=C(C1=CC=CC=C1)C2=CC=CC=C2,92.0,C C 1 = C C ( P ( C 2 = C C = C C ( C ) = C 2 ) C 3 = C C = C C ( C ) = C 3 ) = C C = C 1,O = C ( C 1 = C C = C C = C 1 ) C 2 = C C = C C = C 2
132,CC1=CC(P(C2=CC=CC(C)=C2)C3=CC=CC(C)=C3)=CC=C1,O=C(C1=CC=C(C)C=C1)C2=CC=C(C)C=C2,68.0,C C 1 = C C ( P ( C 2 = C C = C C ( C ) = C 2 ) C 3 = C C = C C ( C ) = C 3 ) = C C = C 1,O = C ( C 1 = C C = C ( C ) C = C 1 ) C 2 = C C = C ( C ) C = C 2
133,CC1=CC(P(C2=CC=CC(C)=C2)C3=CC=CC(C)=C3)=CC=C1,O=C(C1=CC=C(C=C1)OC)C2=CC=C(C=C2)OC,45.0,C C 1 = C C ( P ( C 2 = C C = C C ( C ) = C 2 ) C 3 = C C = C C ( C ) = C 3 ) = C C = C 1,O = C ( C 1 = C C = C ( C = C 1 ) O C ) C 2 = C C = C ( C = C 2 ) O C
134,CC1=CC(P(C2=CC=CC(C)=C2)C3=CC=CC(C)=C3)=CC=C1,O=C(C1=CC=C(F)C=C1)C2=CC=C(F)C=C2,94.0,C C 1 = C C ( P ( C 2 = C C = C C ( C ) = C 2 ) C 3 = C C = C C ( C ) = C 3 ) = C C = C 1,O = C ( C 1 = C C = C ( F ) C = C 1 ) C 2 = C C = C ( F ) C = C 2
135,CC1=CC(P(C2=CC=CC(C)=C2)C3=CC=CC(C)=C3)=CC=C1,CC(C1=CC=CC=C1)=O,55.0,C C 1 = C C ( P ( C 2 = C C = C C ( C ) = C 2 ) C 3 = C C = C C ( C ) = C 3 ) = C C = C 1,C C ( C 1 = C C = C C = C 1 ) = O
136,CC1=CC(P(C2=CC=CC(C)=C2)C3=CC=CC(C)=C3)=CC=C1,O=C(C1=CC=CC=C1)C(F)(F)F,89.0,C C 1 = C C ( P ( C 2 = C C = C C ( C ) = C 2 ) C 3 = C C = C C ( C ) = C 3 ) = C C = C 1,O = C ( C 1 = C C = C C = C 1 ) C ( F ) ( F ) F
137,CC1=CC(P(C2=CC=CC(C)=C2)C3=CC=CC(C)=C3)=CC=C1,O=C(C1CCCCC1)C2=CC=CC=C2,58.0,C C 1 = C C ( P ( C 2 = C C = C C ( C ) = C 2 ) C 3 = C C = C C ( C ) = C 3 ) = C C = C 1,O = C ( C 1 C C C C C 1 ) C 2 = C C = C C = C 2
138,CC1=CC(P(C2=CC=CC(C)=C2)C3=CC=CC(C)=C3)=CC=C1,O=C1CCCC2=CC=CC=C21,34.0,C C 1 = C C ( P ( C 2 = C C = C C ( C ) = C 2 ) C 3 = C C = C C ( C ) = C 3 ) = C C = C 1,O = C 1 C C C C 2 = C C = C C = C 2 1
139,CC1=CC(P(C2=CC=CC(C)=C2)C3=CC=CC(C)=C3)=CC=C1,O=C1CCC2=CC=CC=C2C1,95.0,C C 1 = C C ( P ( C 2 = C C = C C ( C ) = C 2 ) C 3 = C C = C C ( C ) = C 3 ) = C C = C 1,O = C 1 C C C 2 = C C = C C = C 2 C 1
140,CC1=CC(P(C2=CC=CC(C)=C2)C3=CC=CC(C)=C3)=CC=C1,O=C(C1CCCCC1)C2CCCCC2,6.0,C C 1 = C C ( P ( C 2 = C C = C C ( C ) = C 2 ) C 3 = C C = C C ( C ) = C 3 ) = C C = C 1,O = C ( C 1 C C C C C 1 ) C 2 C C C C C 2
141,CC(C=CC=C1)=C1P(C2=CC=CC=C2C)C3=C(C)C=CC=C3,O=C(C1=CC=CC=C1)C2=CC=CC=C2,4.0,C C ( C = C C = C 1 ) = C 1 P ( C 2 = C C = C C = C 2 C ) C 3 = C ( C ) C = C C = C 3,O = C ( C 1 = C C = C C = C 1 ) C 2 = C C = C C = C 2
142,CC(C=CC=C1)=C1P(C2=CC=CC=C2C)C3=C(C)C=CC=C3,O=C(C1=CC=C(C)C=C1)C2=CC=C(C)C=C2,2.0,C C ( C = C C = C 1 ) = C 1 P ( C 2 = C C = C C = C 2 C ) C 3 = C ( C ) C = C C = C 3,O = C ( C 1 = C C = C ( C ) C = C 1 ) C 2 = C C = C ( C ) C = C 2
143,CC(C=CC=C1)=C1P(C2=CC=CC=C2C)C3=C(C)C=CC=C3,O=C(C1=CC=C(C=C1)OC)C2=CC=C(C=C2)OC,0.0,C C ( C = C C = C 1 ) = C 1 P ( C 2 = C C = C C = C 2 C ) C 3 = C ( C ) C = C C = C 3,O = C ( C 1 = C C = C ( C = C 1 ) O C ) C 2 = C C = C ( C = C 2 ) O C
144,CC(C=CC=C1)=C1P(C2=CC=CC=C2C)C3=C(C)C=CC=C3,O=C(C1=CC=C(F)C=C1)C2=CC=C(F)C=C2,0.0,C C ( C = C C = C 1 ) = C 1 P ( C 2 = C C = C C = C 2 C ) C 3 = C ( C ) C = C C = C 3,O = C ( C 1 = C C = C ( F ) C = C 1 ) C 2 = C C = C ( F ) C = C 2
145,CC(C=CC=C1)=C1P(C2=CC=CC=C2C)C3=C(C)C=CC=C3,CC(C1=CC=CC=C1)=O,0.0,C C ( C = C C = C 1 ) = C 1 P ( C 2 = C C = C C = C 2 C ) C 3 = C ( C ) C = C C = C 3,C C ( C 1 = C C = C C = C 1 ) = O
146,CC(C=CC=C1)=C1P(C2=CC=CC=C2C)C3=C(C)C=CC=C3,O=C(C1=CC=CC=C1)C(F)(F)F,14.0,C C ( C = C C = C 1 ) = C 1 P ( C 2 = C C = C C = C 2 C ) C 3 = C ( C ) C = C C = C 3,O = C ( C 1 = C C = C C = C 1 ) C ( F ) ( F ) F
147,CC(C=CC=C1)=C1P(C2=CC=CC=C2C)C3=C(C)C=CC=C3,O=C(C1CCCCC1)C2=CC=CC=C2,1.0,C C ( C = C C = C 1 ) = C 1 P ( C 2 = C C = C C = C 2 C ) C 3 = C ( C ) C = C C = C 3,O = C ( C 1 C C C C C 1 ) C 2 = C C = C C = C 2
148,CC(C=CC=C1)=C1P(C2=CC=CC=C2C)C3=C(C)C=CC=C3,O=C1CCCC2=CC=CC=C21,2.0,C C ( C = C C = C 1 ) = C 1 P ( C 2 = C C = C C = C 2 C ) C 3 = C ( C ) C = C C = C 3,O = C 1 C C C C 2 = C C = C C = C 2 1
149,CC(C=CC=C1)=C1P(C2=CC=CC=C2C)C3=C(C)C=CC=C3,O=C1CCC2=CC=CC=C2C1,7.0,C C ( C = C C = C 1 ) = C 1 P ( C 2 = C C = C C = C 2 C ) C 3 = C ( C ) C = C C = C 3,O = C 1 C C C 2 = C C = C C = C 2 C 1
150,CC(C=CC=C1)=C1P(C2=CC=CC=C2C)C3=C(C)C=CC=C3,O=C(C1CCCCC1)C2CCCCC2,0.0,C C ( C = C C = C 1 ) = C 1 P ( C 2 = C C = C C = C 2 C ) C 3 = C ( C ) C = C C = C 3,O = C ( C 1 C C C C C 1 ) C 2 C C C C C 2
151,CC1=CC(C)=CC(P(C2=CC(C)=CC(C)=C2)C3=CC(C)=CC(C)=C3)=C1,O=C(C1=CC=CC=C1)C2=CC=CC=C2,97.0,C C 1 = C C ( C ) = C C ( P ( C 2 = C C ( C ) = C C ( C ) = C 2 ) C 3 = C C ( C ) = C C ( C ) = C 3 ) = C 1,O = C ( C 1 = C C = C C = C 1 ) C 2 = C C = C C = C 2
152,CC1=CC(C)=CC(P(C2=CC(C)=CC(C)=C2)C3=CC(C)=CC(C)=C3)=C1,O=C(C1=CC=C(C)C=C1)C2=CC=C(C)C=C2,76.0,C C 1 = C C ( C ) = C C ( P ( C 2 = C C ( C ) = C C ( C ) = C 2 ) C 3 = C C ( C ) = C C ( C ) = C 3 ) = C 1,O = C ( C 1 = C C = C ( C ) C = C 1 ) C 2 = C C = C ( C ) C = C 2
153,CC1=CC(C)=CC(P(C2=CC(C)=CC(C)=C2)C3=CC(C)=CC(C)=C3)=C1,O=C(C1=CC=C(C=C1)OC)C2=CC=C(C=C2)OC,58.0,C C 1 = C C ( C ) = C C ( P ( C 2 = C C ( C ) = C C ( C ) = C 2 ) C 3 = C C ( C ) = C C ( C ) = C 3 ) = C 1,O = C ( C 1 = C C = C ( C = C 1 ) O C ) C 2 = C C = C ( C = C 2 ) O C
154,CC1=CC(C)=CC(P(C2=CC(C)=CC(C)=C2)C3=CC(C)=CC(C)=C3)=C1,O=C(C1=CC=C(F)C=C1)C2=CC=C(F)C=C2,94.0,C C 1 = C C ( C ) = C C ( P ( C 2 = C C ( C ) = C C ( C ) = C 2 ) C 3 = C C ( C ) = C C ( C ) = C 3 ) = C 1,O = C ( C 1 = C C = C ( F ) C = C 1 ) C 2 = C C = C ( F ) C = C 2
155,CC1=CC(C)=CC(P(C2=CC(C)=CC(C)=C2)C3=CC(C)=CC(C)=C3)=C1,CC(C1=CC=CC=C1)=O,73.0,C C 1 = C C ( C ) = C C ( P ( C 2 = C C ( C ) = C C ( C ) = C 2 ) C 3 = C C ( C ) = C C ( C ) = C 3 ) = C 1,C C ( C 1 = C C = C C = C 1 ) = O
156,CC1=CC(C)=CC(P(C2=CC(C)=CC(C)=C2)C3=CC(C)=CC(C)=C3)=C1,O=C(C1=CC=CC=C1)C(F)(F)F,87.0,C C 1 = C C ( C ) = C C ( P ( C 2 = C C ( C ) = C C ( C ) = C 2 ) C 3 = C C ( C ) = C C ( C ) = C 3 ) = C 1,O = C ( C 1 = C C = C C = C 1 ) C ( F ) ( F ) F
157,CC1=CC(C)=CC(P(C2=CC(C)=CC(C)=C2)C3=CC(C)=CC(C)=C3)=C1,O=C(C1CCCCC1)C2=CC=CC=C2,63.0,C C 1 = C C ( C ) = C C ( P ( C 2 = C C ( C ) = C C ( C ) = C 2 ) C 3 = C C ( C ) = C C ( C ) = C 3 ) = C 1,O = C ( C 1 C C C C C 1 ) C 2 = C C = C C = C 2
158,CC1=CC(C)=CC(P(C2=CC(C)=CC(C)=C2)C3=CC(C)=CC(C)=C3)=C1,O=C1CCCC2=CC=CC=C21,42.0,C C 1 = C C ( C ) = C C ( P ( C 2 = C C ( C ) = C C ( C ) = C 2 ) C 3 = C C ( C ) = C C ( C ) = C 3 ) = C 1,O = C 1 C C C C 2 = C C = C C = C 2 1
159,CC1=CC(C)=CC(P(C2=CC(C)=CC(C)=C2)C3=CC(C)=CC(C)=C3)=C1,O=C1CCC2=CC=CC=C2C1,91.0,C C 1 = C C ( C ) = C C ( P ( C 2 = C C ( C ) = C C ( C ) = C 2 ) C 3 = C C ( C ) = C C ( C ) = C 3 ) = C 1,O = C 1 C C C 2 = C C = C C = C 2 C 1
160,CC1=CC(C)=CC(P(C2=CC(C)=CC(C)=C2)C3=CC(C)=CC(C)=C3)=C1,O=C(C1CCCCC1)C2CCCCC2,9.0,C C 1 = C C ( C ) = C C ( P ( C 2 = C C ( C ) = C C ( C ) = C 2 ) C 3 = C C ( C ) = C C ( C ) = C 3 ) = C 1,O = C ( C 1 C C C C C 1 ) C 2 C C C C C 2
161,COC(C=C1)=CC=C1P(C2=CC=C(OC)C=C2)C3=CC=C(OC)C=C3,O=C(C1=CC=CC=C1)C2=CC=CC=C2,82.0,C O C ( C = C 1 ) = C C = C 1 P ( C 2 = C C = C ( O C ) C = C 2 ) C 3 = C C = C ( O C ) C = C 3,O = C ( C 1 = C C = C C = C 1 ) C 2 = C C = C C = C 2
162,COC(C=C1)=CC=C1P(C2=CC=C(OC)C=C2)C3=CC=C(OC)C=C3,O=C(C1=CC=C(C)C=C1)C2=CC=C(C)C=C2,64.0,C O C ( C = C 1 ) = C C = C 1 P ( C 2 = C C = C ( O C ) C = C 2 ) C 3 = C C = C ( O C ) C = C 3,O = C ( C 1 = C C = C ( C ) C = C 1 ) C 2 = C C = C ( C ) C = C 2
163,COC(C=C1)=CC=C1P(C2=CC=C(OC)C=C2)C3=CC=C(OC)C=C3,O=C(C1=CC=C(C=C1)OC)C2=CC=C(C=C2)OC,33.0,C O C ( C = C 1 ) = C C = C 1 P ( C 2 = C C = C ( O C ) C = C 2 ) C 3 = C C = C ( O C ) C = C 3,O = C ( C 1 = C C = C ( C = C 1 ) O C ) C 2 = C C = C ( C = C 2 ) O C
164,COC(C=C1)=CC=C1P(C2=CC=C(OC)C=C2)C3=CC=C(OC)C=C3,O=C(C1=CC=C(F)C=C1)C2=CC=C(F)C=C2,98.0,C O C ( C = C 1 ) = C C = C 1 P ( C 2 = C C = C ( O C ) C = C 2 ) C 3 = C C = C ( O C ) C = C 3,O = C ( C 1 = C C = C ( F ) C = C 1 ) C 2 = C C = C ( F ) C = C 2
165,COC(C=C1)=CC=C1P(C2=CC=C(OC)C=C2)C3=CC=C(OC)C=C3,CC(C1=CC=CC=C1)=O,56.0,C O C ( C = C 1 ) = C C = C 1 P ( C 2 = C C = C ( O C ) C = C 2 ) C 3 = C C = C ( O C ) C = C 3,C C ( C 1 = C C = C C = C 1 ) = O
166,COC(C=C1)=CC=C1P(C2=CC=C(OC)C=C2)C3=CC=C(OC)C=C3,O=C(C1=CC=CC=C1)C(F)(F)F,85.0,C O C ( C = C 1 ) = C C = C 1 P ( C 2 = C C = C ( O C ) C = C 2 ) C 3 = C C = C ( O C ) C = C 3,O = C ( C 1 = C C = C C = C 1 ) C ( F ) ( F ) F
167,COC(C=C1)=CC=C1P(C2=CC=C(OC)C=C2)C3=CC=C(OC)C=C3,O=C(C1CCCCC1)C2=CC=CC=C2,49.0,C O C ( C = C 1 ) = C C = C 1 P ( C 2 = C C = C ( O C ) C = C 2 ) C 3 = C C = C ( O C ) C = C 3,O = C ( C 1 C C C C C 1 ) C 2 = C C = C C = C 2
168,COC(C=C1)=CC=C1P(C2=CC=C(OC)C=C2)C3=CC=C(OC)C=C3,O=C1CCCC2=CC=CC=C21,24.0,C O C ( C = C 1 ) = C C = C 1 P ( C 2 = C C = C ( O C ) C = C 2 ) C 3 = C C = C ( O C ) C = C 3,O = C 1 C C C C 2 = C C = C C = C 2 1
169,COC(C=C1)=CC=C1P(C2=CC=C(OC)C=C2)C3=CC=C(OC)C=C3,O=C1CCC2=CC=CC=C2C1,99.0,C O C ( C = C 1 ) = C C = C 1 P ( C 2 = C C = C ( O C ) C = C 2 ) C 3 = C C = C ( O C ) C = C 3,O = C 1 C C C 2 = C C = C C = C 2 C 1
170,COC(C=C1)=CC=C1P(C2=CC=C(OC)C=C2)C3=CC=C(OC)C=C3,O=C(C1CCCCC1)C2CCCCC2,2.0,C O C ( C = C 1 ) = C C = C 1 P ( C 2 = C C = C ( O C ) C = C 2 ) C 3 = C C = C ( O C ) C = C 3,O = C ( C 1 C C C C C 1 ) C 2 C C C C C 2
171,COC(C=CC=C1)=C1P(C2=C(OC)C=CC=C2)C3=C(OC)C=CC=C3,O=C(C1=CC=CC=C1)C2=CC=CC=C2,18.0,C O C ( C = C C = C 1 ) = C 1 P ( C 2 = C ( O C ) C = C C = C 2 ) C 3 = C ( O C ) C = C C = C 3,O = C ( C 1 = C C = C C = C 1 ) C 2 = C C = C C = C 2
172,COC(C=CC=C1)=C1P(C2=C(OC)C=CC=C2)C3=C(OC)C=CC=C3,O=C(C1=CC=C(C)C=C1)C2=CC=C(C)C=C2,11.0,C O C ( C = C C = C 1 ) = C 1 P ( C 2 = C ( O C ) C = C C = C 2 ) C 3 = C ( O C ) C = C C = C 3,O = C ( C 1 = C C = C ( C ) C = C 1 ) C 2 = C C = C ( C ) C = C 2
173,COC(C=CC=C1)=C1P(C2=C(OC)C=CC=C2)C3=C(OC)C=CC=C3,O=C(C1=CC=C(C=C1)OC)C2=CC=C(C=C2)OC,12.0,C O C ( C = C C = C 1 ) = C 1 P ( C 2 = C ( O C ) C = C C = C 2 ) C 3 = C ( O C ) C = C C = C 3,O = C ( C 1 = C C = C ( C = C 1 ) O C ) C 2 = C C = C ( C = C 2 ) O C
174,COC(C=CC=C1)=C1P(C2=C(OC)C=CC=C2)C3=C(OC)C=CC=C3,O=C(C1=CC=C(F)C=C1)C2=CC=C(F)C=C2,24.0,C O C ( C = C C = C 1 ) = C 1 P ( C 2 = C ( O C ) C = C C = C 2 ) C 3 = C ( O C ) C = C C = C 3,O = C ( C 1 = C C = C ( F ) C = C 1 ) C 2 = C C = C ( F ) C = C 2
175,COC(C=CC=C1)=C1P(C2=C(OC)C=CC=C2)C3=C(OC)C=CC=C3,CC(C1=CC=CC=C1)=O,15.0,C O C ( C = C C = C 1 ) = C 1 P ( C 2 = C ( O C ) C = C C = C 2 ) C 3 = C ( O C ) C = C C = C 3,C C ( C 1 = C C = C C = C 1 ) = O
176,COC(C=CC=C1)=C1P(C2=C(OC)C=CC=C2)C3=C(OC)C=CC=C3,O=C(C1=CC=CC=C1)C(F)(F)F,90.0,C O C ( C = C C = C 1 ) = C 1 P ( C 2 = C ( O C ) C = C C = C 2 ) C 3 = C ( O C ) C = C C = C 3,O = C ( C 1 = C C = C C = C 1 ) C ( F ) ( F ) F
177,COC(C=CC=C1)=C1P(C2=C(OC)C=CC=C2)C3=C(OC)C=CC=C3,O=C(C1CCCCC1)C2=CC=CC=C2,5.0,C O C ( C = C C = C 1 ) = C 1 P ( C 2 = C ( O C ) C = C C = C 2 ) C 3 = C ( O C ) C = C C = C 3,O = C ( C 1 C C C C C 1 ) C 2 = C C = C C = C 2
178,COC(C=CC=C1)=C1P(C2=C(OC)C=CC=C2)C3=C(OC)C=CC=C3,O=C1CCCC2=CC=CC=C21,5.0,C O C ( C = C C = C 1 ) = C 1 P ( C 2 = C ( O C ) C = C C = C 2 ) C 3 = C ( O C ) C = C C = C 3,O = C 1 C C C C 2 = C C = C C = C 2 1
179,COC(C=CC=C1)=C1P(C2=C(OC)C=CC=C2)C3=C(OC)C=CC=C3,O=C1CCC2=CC=CC=C2C1,78.0,C O C ( C = C C = C 1 ) = C 1 P ( C 2 = C ( O C ) C = C C = C 2 ) C 3 = C ( O C ) C = C C = C 3,O = C 1 C C C 2 = C C = C C = C 2 C 1
180,COC(C=CC=C1)=C1P(C2=C(OC)C=CC=C2)C3=C(OC)C=CC=C3,O=C(C1CCCCC1)C2CCCCC2,0.0,C O C ( C = C C = C 1 ) = C 1 P ( C 2 = C ( O C ) C = C C = C 2 ) C 3 = C ( O C ) C = C C = C 3,O = C ( C 1 C C C C C 1 ) C 2 C C C C C 2
181,COC(C=CC=C1OC)=C1P(C2=C(OC)C=CC=C2OC)C3=C(OC)C=CC=C3OC,O=C(C1=CC=CC=C1)C2=CC=CC=C2,8.0,C O C ( C = C C = C 1 O C ) = C 1 P ( C 2 = C ( O C ) C = C C = C 2 O C ) C 3 = C ( O C ) C = C C = C 3 O C,O = C ( C 1 = C C = C C = C 1 ) C 2 = C C = C C = C 2
182,COC(C=CC=C1OC)=C1P(C2=C(OC)C=CC=C2OC)C3=C(OC)C=CC=C3OC,O=C(C1=CC=C(C)C=C1)C2=CC=C(C)C=C2,6.0,C O C ( C = C C = C 1 O C ) = C 1 P ( C 2 = C ( O C ) C = C C = C 2 O C ) C 3 = C ( O C ) C = C C = C 3 O C,O = C ( C 1 = C C = C ( C ) C = C 1 ) C 2 = C C = C ( C ) C = C 2
183,COC(C=CC=C1OC)=C1P(C2=C(OC)C=CC=C2OC)C3=C(OC)C=CC=C3OC,O=C(C1=CC=C(C=C1)OC)C2=CC=C(C=C2)OC,5.0,C O C ( C = C C = C 1 O C ) = C 1 P ( C 2 = C ( O C ) C = C C = C 2 O C ) C 3 = C ( O C ) C = C C = C 3 O C,O = C ( C 1 = C C = C ( C = C 1 ) O C ) C 2 = C C = C ( C = C 2 ) O C
184,COC(C=CC=C1OC)=C1P(C2=C(OC)C=CC=C2OC)C3=C(OC)C=CC=C3OC,O=C(C1=CC=C(F)C=C1)C2=CC=C(F)C=C2,6.0,C O C ( C = C C = C 1 O C ) = C 1 P ( C 2 = C ( O C ) C = C C = C 2 O C ) C 3 = C ( O C ) C = C C = C 3 O C,O = C ( C 1 = C C = C ( F ) C = C 1 ) C 2 = C C = C ( F ) C = C 2
185,COC(C=CC=C1OC)=C1P(C2=C(OC)C=CC=C2OC)C3=C(OC)C=CC=C3OC,CC(C1=CC=CC=C1)=O,6.0,C O C ( C = C C = C 1 O C ) = C 1 P ( C 2 = C ( O C ) C = C C = C 2 O C ) C 3 = C ( O C ) C = C C = C 3 O C,C C ( C 1 = C C = C C = C 1 ) = O
186,COC(C=CC=C1OC)=C1P(C2=C(OC)C=CC=C2OC)C3=C(OC)C=CC=C3OC,O=C(C1=CC=CC=C1)C(F)(F)F,63.0,C O C ( C = C C = C 1 O C ) = C 1 P ( C 2 = C ( O C ) C = C C = C 2 O C ) C 3 = C ( O C ) C = C C = C 3 O C,O = C ( C 1 = C C = C C = C 1 ) C ( F ) ( F ) F
187,COC(C=CC=C1OC)=C1P(C2=C(OC)C=CC=C2OC)C3=C(OC)C=CC=C3OC,O=C(C1CCCCC1)C2=CC=CC=C2,2.0,C O C ( C = C C = C 1 O C ) = C 1 P ( C 2 = C ( O C ) C = C C = C 2 O C ) C 3 = C ( O C ) C = C C = C 3 O C,O = C ( C 1 C C C C C 1 ) C 2 = C C = C C = C 2
188,COC(C=CC=C1OC)=C1P(C2=C(OC)C=CC=C2OC)C3=C(OC)C=CC=C3OC,O=C1CCCC2=CC=CC=C21,3.0,C O C ( C = C C = C 1 O C ) = C 1 P ( C 2 = C ( O C ) C = C C = C 2 O C ) C 3 = C ( O C ) C = C C = C 3 O C,O = C 1 C C C C 2 = C C = C C = C 2 1
189,COC(C=CC=C1OC)=C1P(C2=C(OC)C=CC=C2OC)C3=C(OC)C=CC=C3OC,O=C1CCC2=CC=CC=C2C1,45.0,C O C ( C = C C = C 1 O C ) = C 1 P ( C 2 = C ( O C ) C = C C = C 2 O C ) C 3 = C ( O C ) C = C C = C 3 O C,O = C 1 C C C 2 = C C = C C = C 2 C 1
190,COC(C=CC=C1OC)=C1P(C2=C(OC)C=CC=C2OC)C3=C(OC)C=CC=C3OC,O=C(C1CCCCC1)C2CCCCC2,0.0,C O C ( C = C C = C 1 O C ) = C 1 P ( C 2 = C ( O C ) C = C C = C 2 O C ) C 3 = C ( O C ) C = C C = C 3 O C,O = C ( C 1 C C C C C 1 ) C 2 C C C C C 2
191,FC(C=C1)=CC=C1P(C2=CC=C(F)C=C2)C3=CC=C(F)C=C3,O=C(C1=CC=CC=C1)C2=CC=CC=C2,99.0,F C ( C = C 1 ) = C C = C 1 P ( C 2 = C C = C ( F ) C = C 2 ) C 3 = C C = C ( F ) C = C 3,O = C ( C 1 = C C = C C = C 1 ) C 2 = C C = C C = C 2
192,FC(C=C1)=CC=C1P(C2=CC=C(F)C=C2)C3=CC=C(F)C=C3,O=C(C1=CC=C(C)C=C1)C2=CC=C(C)C=C2,76.0,F C ( C = C 1 ) = C C = C 1 P ( C 2 = C C = C ( F ) C = C 2 ) C 3 = C C = C ( F ) C = C 3,O = C ( C 1 = C C = C ( C ) C = C 1 ) C 2 = C C = C ( C ) C = C 2
193,FC(C=C1)=CC=C1P(C2=CC=C(F)C=C2)C3=CC=C(F)C=C3,O=C(C1=CC=C(C=C1)OC)C2=CC=C(C=C2)OC,42.0,F C ( C = C 1 ) = C C = C 1 P ( C 2 = C C = C ( F ) C = C 2 ) C 3 = C C = C ( F ) C = C 3,O = C ( C 1 = C C = C ( C = C 1 ) O C ) C 2 = C C = C ( C = C 2 ) O C
194,FC(C=C1)=CC=C1P(C2=CC=C(F)C=C2)C3=CC=C(F)C=C3,O=C(C1=CC=C(F)C=C1)C2=CC=C(F)C=C2,95.0,F C ( C = C 1 ) = C C = C 1 P ( C 2 = C C = C ( F ) C = C 2 ) C 3 = C C = C ( F ) C = C 3,O = C ( C 1 = C C = C ( F ) C = C 1 ) C 2 = C C = C ( F ) C = C 2
195,FC(C=C1)=CC=C1P(C2=CC=C(F)C=C2)C3=CC=C(F)C=C3,CC(C1=CC=CC=C1)=O,48.0,F C ( C = C 1 ) = C C = C 1 P ( C 2 = C C = C ( F ) C = C 2 ) C 3 = C C = C ( F ) C = C 3,C C ( C 1 = C C = C C = C 1 ) = O
196,FC(C=C1)=CC=C1P(C2=CC=C(F)C=C2)C3=CC=C(F)C=C3,O=C(C1=CC=CC=C1)C(F)(F)F,92.0,F C ( C = C 1 ) = C C = C 1 P ( C 2 = C C = C ( F ) C = C 2 ) C 3 = C C = C ( F ) C = C 3,O = C ( C 1 = C C = C C = C 1 ) C ( F ) ( F ) F
197,FC(C=C1)=CC=C1P(C2=CC=C(F)C=C2)C3=CC=C(F)C=C3,O=C(C1CCCCC1)C2=CC=CC=C2,52.0,F C ( C = C 1 ) = C C = C 1 P ( C 2 = C C = C ( F ) C = C 2 ) C 3 = C C = C ( F ) C = C 3,O = C ( C 1 C C C C C 1 ) C 2 = C C = C C = C 2
198,FC(C=C1)=CC=C1P(C2=CC=C(F)C=C2)C3=CC=C(F)C=C3,O=C1CCCC2=CC=CC=C21,20.0,F C ( C = C 1 ) = C C = C 1 P ( C 2 = C C = C ( F ) C = C 2 ) C 3 = C C = C ( F ) C = C 3,O = C 1 C C C C 2 = C C = C C = C 2 1
199,FC(C=C1)=CC=C1P(C2=CC=C(F)C=C2)C3=CC=C(F)C=C3,O=C1CCC2=CC=CC=C2C1,92.0,F C ( C = C 1 ) = C C = C 1 P ( C 2 = C C = C ( F ) C = C 2 ) C 3 = C C = C ( F ) C = C 3,O = C 1 C C C 2 = C C = C C = C 2 C 1
200,FC(C=C1)=CC=C1P(C2=CC=C(F)C=C2)C3=CC=C(F)C=C3,O=C(C1CCCCC1)C2CCCCC2,2.0,F C ( C = C 1 ) = C C = C 1 P ( C 2 = C C = C ( F ) C = C 2 ) C 3 = C C = C ( F ) C = C 3,O = C ( C 1 C C C C C 1 ) C 2 C C C C C 2
201,FC(C1=CC=C(P(C2=CC=C(C=C2)C(F)(F)F)C3=CC=C(C=C3)C(F)(F)F)C=C1)(F)F,O=C(C1=CC=CC=C1)C2=CC=CC=C2,95.0,F C ( C 1 = C C = C ( P ( C 2 = C C = C ( C = C 2 ) C ( F ) ( F ) F ) C 3 = C C = C ( C = C 3 ) C ( F ) ( F ) F ) C = C 1 ) ( F ) F,O = C ( C 1 = C C = C C = C 1 ) C 2 = C C = C C = C 2
202,FC(C1=CC=C(P(C2=CC=C(C=C2)C(F)(F)F)C3=CC=C(C=C3)C(F)(F)F)C=C1)(F)F,O=C(C1=CC=C(C)C=C1)C2=CC=C(C)C=C2,48.0,F C ( C 1 = C C = C ( P ( C 2 = C C = C ( C = C 2 ) C ( F ) ( F ) F ) C 3 = C C = C ( C = C 3 ) C ( F ) ( F ) F ) C = C 1 ) ( F ) F,O = C ( C 1 = C C = C ( C ) C = C 1 ) C 2 = C C = C ( C ) C = C 2
203,FC(C1=CC=C(P(C2=CC=C(C=C2)C(F)(F)F)C3=CC=C(C=C3)C(F)(F)F)C=C1)(F)F,O=C(C1=CC=C(C=C1)OC)C2=CC=C(C=C2)OC,21.0,F C ( C 1 = C C = C ( P ( C 2 = C C = C ( C = C 2 ) C ( F ) ( F ) F ) C 3 = C C = C ( C = C 3 ) C ( F ) ( F ) F ) C = C 1 ) ( F ) F,O = C ( C 1 = C C = C ( C = C 1 ) O C ) C 2 = C C = C ( C = C 2 ) O C
204,FC(C1=CC=C(P(C2=CC=C(C=C2)C(F)(F)F)C3=CC=C(C=C3)C(F)(F)F)C=C1)(F)F,O=C(C1=CC=C(F)C=C1)C2=CC=C(F)C=C2,39.0,F C ( C 1 = C C = C ( P ( C 2 = C C = C ( C = C 2 ) C ( F ) ( F ) F ) C 3 = C C = C ( C = C 3 ) C ( F ) ( F ) F ) C = C 1 ) ( F ) F,O = C ( C 1 = C C = C ( F ) C = C 1 ) C 2 = C C = C ( F ) C = C 2
205,FC(C1=CC=C(P(C2=CC=C(C=C2)C(F)(F)F)C3=CC=C(C=C3)C(F)(F)F)C=C1)(F)F,CC(C1=CC=CC=C1)=O,32.0,F C ( C 1 = C C = C ( P ( C 2 = C C = C ( C = C 2 ) C ( F ) ( F ) F ) C 3 = C C = C ( C = C 3 ) C ( F ) ( F ) F ) C = C 1 ) ( F ) F,C C ( C 1 = C C = C C = C 1 ) = O
206,FC(C1=CC=C(P(C2=CC=C(C=C2)C(F)(F)F)C3=CC=C(C=C3)C(F)(F)F)C=C1)(F)F,O=C(C1=CC=CC=C1)C(F)(F)F,91.0,F C ( C 1 = C C = C ( P ( C 2 = C C = C ( C = C 2 ) C ( F ) ( F ) F ) C 3 = C C = C ( C = C 3 ) C ( F ) ( F ) F ) C = C 1 ) ( F ) F,O = C ( C 1 = C C = C C = C 1 ) C ( F ) ( F ) F
207,FC(C1=CC=C(P(C2=CC=C(C=C2)C(F)(F)F)C3=CC=C(C=C3)C(F)(F)F)C=C1)(F)F,O=C(C1CCCCC1)C2=CC=CC=C2,30.0,F C ( C 1 = C C = C ( P ( C 2 = C C = C ( C = C 2 ) C ( F ) ( F ) F ) C 3 = C C = C ( C = C 3 ) C ( F ) ( F ) F ) C = C 1 ) ( F ) F,O = C ( C 1 C C C C C 1 ) C 2 = C C = C C = C 2
208,FC(C1=CC=C(P(C2=CC=C(C=C2)C(F)(F)F)C3=CC=C(C=C3)C(F)(F)F)C=C1)(F)F,O=C1CCCC2=CC=CC=C21,19.0,F C ( C 1 = C C = C ( P ( C 2 = C C = C ( C = C 2 ) C ( F ) ( F ) F ) C 3 = C C = C ( C = C 3 ) C ( F ) ( F ) F ) C = C 1 ) ( F ) F,O = C 1 C C C C 2 = C C = C C = C 2 1
209,FC(C1=CC=C(P(C2=CC=C(C=C2)C(F)(F)F)C3=CC=C(C=C3)C(F)(F)F)C=C1)(F)F,O=C1CCC2=CC=CC=C2C1,94.0,F C ( C 1 = C C = C ( P ( C 2 = C C = C ( C = C 2 ) C ( F ) ( F ) F ) C 3 = C C = C ( C = C 3 ) C ( F ) ( F ) F ) C = C 1 ) ( F ) F,O = C 1 C C C 2 = C C = C C = C 2 C 1
210,FC(C1=CC=C(P(C2=CC=C(C=C2)C(F)(F)F)C3=CC=C(C=C3)C(F)(F)F)C=C1)(F)F,O=C(C1CCCCC1)C2CCCCC2,3.0,F C ( C 1 = C C = C ( P ( C 2 = C C = C ( C = C 2 ) C ( F ) ( F ) F ) C 3 = C C = C ( C = C 3 ) C ( F ) ( F ) F ) C = C 1 ) ( F ) F,O = C ( C 1 C C C C C 1 ) C 2 C C C C C 2
211,C1(P(C2=CC=CO2)C3=CC=CO3)=CC=CO1,O=C(C1=CC=CC=C1)C2=CC=CC=C2,30.0,C 1 ( P ( C 2 = C C = C O 2 ) C 3 = C C = C O 3 ) = C C = C O 1,O = C ( C 1 = C C = C C = C 1 ) C 2 = C C = C C = C 2
212,C1(P(C2=CC=CO2)C3=CC=CO3)=CC=CO1,O=C(C1=CC=C(C)C=C1)C2=CC=C(C)C=C2,13.0,C 1 ( P ( C 2 = C C = C O 2 ) C 3 = C C = C O 3 ) = C C = C O 1,O = C ( C 1 = C C = C ( C ) C = C 1 ) C 2 = C C = C ( C ) C = C 2
213,C1(P(C2=CC=CO2)C3=CC=CO3)=CC=CO1,O=C(C1=CC=C(C=C1)OC)C2=CC=C(C=C2)OC,7.0,C 1 ( P ( C 2 = C C = C O 2 ) C 3 = C C = C O 3 ) = C C = C O 1,O = C ( C 1 = C C = C ( C = C 1 ) O C ) C 2 = C C = C ( C = C 2 ) O C
214,C1(P(C2=CC=CO2)C3=CC=CO3)=CC=CO1,O=C(C1=CC=C(F)C=C1)C2=CC=C(F)C=C2,52.0,C 1 ( P ( C 2 = C C = C O 2 ) C 3 = C C = C O 3 ) = C C = C O 1,O = C ( C 1 = C C = C ( F ) C = C 1 ) C 2 = C C = C ( F ) C = C 2
215,C1(P(C2=CC=CO2)C3=CC=CO3)=CC=CO1,CC(C1=CC=CC=C1)=O,12.0,C 1 ( P ( C 2 = C C = C O 2 ) C 3 = C C = C O 3 ) = C C = C O 1,C C ( C 1 = C C = C C = C 1 ) = O
216,C1(P(C2=CC=CO2)C3=CC=CO3)=CC=CO1,O=C(C1=CC=CC=C1)C(F)(F)F,81.0,C 1 ( P ( C 2 = C C = C O 2 ) C 3 = C C = C O 3 ) = C C = C O 1,O = C ( C 1 = C C = C C = C 1 ) C ( F ) ( F ) F
217,C1(P(C2=CC=CO2)C3=CC=CO3)=CC=CO1,O=C(C1CCCCC1)C2=CC=CC=C2,10.0,C 1 ( P ( C 2 = C C = C O 2 ) C 3 = C C = C O 3 ) = C C = C O 1,O = C ( C 1 C C C C C 1 ) C 2 = C C = C C = C 2
218,C1(P(C2=CC=CO2)C3=CC=CO3)=CC=CO1,O=C1CCCC2=CC=CC=C21,5.0,C 1 ( P ( C 2 = C C = C O 2 ) C 3 = C C = C O 3 ) = C C = C O 1,O = C 1 C C C C 2 = C C = C C = C 2 1
219,C1(P(C2=CC=CO2)C3=CC=CO3)=CC=CO1,O=C1CCC2=CC=CC=C2C1,43.0,C 1 ( P ( C 2 = C C = C O 2 ) C 3 = C C = C O 3 ) = C C = C O 1,O = C 1 C C C 2 = C C = C C = C 2 C 1
220,C1(P(C2=CC=CO2)C3=CC=CO3)=CC=CO1,O=C(C1CCCCC1)C2CCCCC2,1.0,C 1 ( P ( C 2 = C C = C O 2 ) C 3 = C C = C O 3 ) = C C = C O 1,O = C ( C 1 C C C C C 1 ) C 2 C C C C C 2
221,CCCCP(CCCC)CCCC,O=C(C1=CC=CC=C1)C2=CC=CC=C2,7.0,C C C C P ( C C C C ) C C C C,O = C ( C 1 = C C = C C = C 1 ) C 2 = C C = C C = C 2
222,CCCCP(CCCC)CCCC,O=C(C1=CC=C(C)C=C1)C2=CC=C(C)C=C2,4.0,C C C C P ( C C C C ) C C C C,O = C ( C 1 = C C = C ( C ) C = C 1 ) C 2 = C C = C ( C ) C = C 2
223,CCCCP(CCCC)CCCC,O=C(C1=CC=C(C=C1)OC)C2=CC=C(C=C2)OC,1.0,C C C C P ( C C C C ) C C C C,O = C ( C 1 = C C = C ( C = C 1 ) O C ) C 2 = C C = C ( C = C 2 ) O C
224,CCCCP(CCCC)CCCC,O=C(C1=CC=C(F)C=C1)C2=CC=C(F)C=C2,93.0,C C C C P ( C C C C ) C C C C,O = C ( C 1 = C C = C ( F ) C = C 1 ) C 2 = C C = C ( F ) C = C 2
225,CCCCP(CCCC)CCCC,CC(C1=CC=CC=C1)=O,77.0,C C C C P ( C C C C ) C C C C,C C ( C 1 = C C = C C = C 1 ) = O
226,CCCCP(CCCC)CCCC,O=C(C1=CC=CC=C1)C(F)(F)F,82.0,C C C C P ( C C C C ) C C C C,O = C ( C 1 = C C = C C = C 1 ) C ( F ) ( F ) F
227,CCCCP(CCCC)CCCC,O=C(C1CCCCC1)C2=CC=CC=C2,41.0,C C C C P ( C C C C ) C C C C,O = C ( C 1 C C C C C 1 ) C 2 = C C = C C = C 2
228,CCCCP(CCCC)CCCC,O=C1CCCC2=CC=CC=C21,2.0,C C C C P ( C C C C ) C C C C,O = C 1 C C C C 2 = C C = C C = C 2 1
229,CCCCP(CCCC)CCCC,O=C1CCC2=CC=CC=C2C1,23.0,C C C C P ( C C C C ) C C C C,O = C 1 C C C 2 = C C = C C = C 2 C 1
230,CCCCP(CCCC)CCCC,O=C(C1CCCCC1)C2CCCCC2,0.0,C C C C P ( C C C C ) C C C C,O = C ( C 1 C C C C C 1 ) C 2 C C C C C 2
231,P(C1CCCCC1)(C2CCCCC2)C3CCCCC3,O=C(C1=CC=CC=C1)C2=CC=CC=C2,15.0,P ( C 1 C C C C C 1 ) ( C 2 C C C C C 2 ) C 3 C C C C C 3,O = C ( C 1 = C C = C C = C 1 ) C 2 = C C = C C = C 2
232,P(C1CCCCC1)(C2CCCCC2)C3CCCCC3,O=C(C1=CC=C(C)C=C1)C2=CC=C(C)C=C2,8.0,P ( C 1 C C C C C 1 ) ( C 2 C C C C C 2 ) C 3 C C C C C 3,O = C ( C 1 = C C = C ( C ) C = C 1 ) C 2 = C C = C ( C ) C = C 2
233,P(C1CCCCC1)(C2CCCCC2)C3CCCCC3,O=C(C1=CC=C(C=C1)OC)C2=CC=C(C=C2)OC,2.0,P ( C 1 C C C C C 1 ) ( C 2 C C C C C 2 ) C 3 C C C C C 3,O = C ( C 1 = C C = C ( C = C 1 ) O C ) C 2 = C C = C ( C = C 2 ) O C
234,P(C1CCCCC1)(C2CCCCC2)C3CCCCC3,O=C(C1=CC=C(F)C=C1)C2=CC=C(F)C=C2,21.0,P ( C 1 C C C C C 1 ) ( C 2 C C C C C 2 ) C 3 C C C C C 3,O = C ( C 1 = C C = C ( F ) C = C 1 ) C 2 = C C = C ( F ) C = C 2
235,P(C1CCCCC1)(C2CCCCC2)C3CCCCC3,CC(C1=CC=CC=C1)=O,11.0,P ( C 1 C C C C C 1 ) ( C 2 C C C C C 2 ) C 3 C C C C C 3,C C ( C 1 = C C = C C = C 1 ) = O
236,P(C1CCCCC1)(C2CCCCC2)C3CCCCC3,O=C(C1=CC=CC=C1)C(F)(F)F,77.0,P ( C 1 C C C C C 1 ) ( C 2 C C C C C 2 ) C 3 C C C C C 3,O = C ( C 1 = C C = C C = C 1 ) C ( F ) ( F ) F
237,P(C1CCCCC1)(C2CCCCC2)C3CCCCC3,O=C(C1CCCCC1)C2=CC=CC=C2,3.0,P ( C 1 C C C C C 1 ) ( C 2 C C C C C 2 ) C 3 C C C C C 3,O = C ( C 1 C C C C C 1 ) C 2 = C C = C C = C 2
238,P(C1CCCCC1)(C2CCCCC2)C3CCCCC3,O=C1CCCC2=CC=CC=C21,2.0,P ( C 1 C C C C C 1 ) ( C 2 C C C C C 2 ) C 3 C C C C C 3,O = C 1 C C C C 2 = C C = C C = C 2 1
239,P(C1CCCCC1)(C2CCCCC2)C3CCCCC3,O=C1CCC2=CC=CC=C2C1,53.0,P ( C 1 C C C C C 1 ) ( C 2 C C C C C 2 ) C 3 C C C C C 3,O = C 1 C C C 2 = C C = C C = C 2 C 1
240,P(C1CCCCC1)(C2CCCCC2)C3CCCCC3,O=C(C1CCCCC1)C2CCCCC2,0.0,P ( C 1 C C C C C 1 ) ( C 2 C C C C C 2 ) C 3 C C C C C 3,O = C ( C 1 C C C C C 1 ) C 2 C C C C C 2
241,CP(C1=CC=CC=C1)C2=CC=CC=C2,O=C(C1=CC=CC=C1)C2=CC=CC=C2,8.0,C P ( C 1 = C C = C C = C 1 ) C 2 = C C = C C = C 2,O = C ( C 1 = C C = C C = C 1 ) C 2 = C C = C C = C 2
242,CP(C1=CC=CC=C1)C2=CC=CC=C2,O=C(C1=CC=C(C)C=C1)C2=CC=C(C)C=C2,9.0,C P ( C 1 = C C = C C = C 1 ) C 2 = C C = C C = C 2,O = C ( C 1 = C C = C ( C ) C = C 1 ) C 2 = C C = C ( C ) C = C 2
243,CP(C1=CC=CC=C1)C2=CC=CC=C2,O=C(C1=CC=C(C=C1)OC)C2=CC=C(C=C2)OC,1.0,C P ( C 1 = C C = C C = C 1 ) C 2 = C C = C C = C 2,O = C ( C 1 = C C = C ( C = C 1 ) O C ) C 2 = C C = C ( C = C 2 ) O C
244,CP(C1=CC=CC=C1)C2=CC=CC=C2,O=C(C1=CC=C(F)C=C1)C2=CC=C(F)C=C2,12.0,C P ( C 1 = C C = C C = C 1 ) C 2 = C C = C C = C 2,O = C ( C 1 = C C = C ( F ) C = C 1 ) C 2 = C C = C ( F ) C = C 2
245,CP(C1=CC=CC=C1)C2=CC=CC=C2,CC(C1=CC=CC=C1)=O,69.0,C P ( C 1 = C C = C C = C 1 ) C 2 = C C = C C = C 2,C C ( C 1 = C C = C C = C 1 ) = O
246,CP(C1=CC=CC=C1)C2=CC=CC=C2,O=C(C1=CC=CC=C1)C(F)(F)F,35.0,C P ( C 1 = C C = C C = C 1 ) C 2 = C C = C C = C 2,O = C ( C 1 = C C = C C = C 1 ) C ( F ) ( F ) F
247,CP(C1=CC=CC=C1)C2=CC=CC=C2,O=C(C1CCCCC1)C2=CC=CC=C2,1.0,C P ( C 1 = C C = C C = C 1 ) C 2 = C C = C C = C 2,O = C ( C 1 C C C C C 1 ) C 2 = C C = C C = C 2
248,CP(C1=CC=CC=C1)C2=CC=CC=C2,O=C1CCCC2=CC=CC=C21,2.0,C P ( C 1 = C C = C C = C 1 ) C 2 = C C = C C = C 2,O = C 1 C C C C 2 = C C = C C = C 2 1
249,CP(C1=CC=CC=C1)C2=CC=CC=C2,O=C1CCC2=CC=CC=C2C1,12.0,C P ( C 1 = C C = C C = C 1 ) C 2 = C C = C C = C 2,O = C 1 C C C 2 = C C = C C = C 2 C 1
250,CP(C1=CC=CC=C1)C2=CC=CC=C2,O=C(C1CCCCC1)C2CCCCC2,1.0,C P ( C 1 = C C = C C = C 1 ) C 2 = C C = C C = C 2,O = C ( C 1 C C C C C 1 ) C 2 C C C C C 2
251,CC(P(C(C)(C)C)C1=CC=CC=C1C2=CC=CC=C2)(C)C,O=C(C1=CC=CC=C1)C2=CC=CC=C2,2.0,C C ( P ( C ( C ) ( C ) C ) C 1 = C C = C C = C 1 C 2 = C C = C C = C 2 ) ( C ) C,O = C ( C 1 = C C = C C = C 1 ) C 2 = C C = C C = C 2
252,CC(P(C(C)(C)C)C1=CC=CC=C1C2=CC=CC=C2)(C)C,O=C(C1=CC=C(C)C=C1)C2=CC=C(C)C=C2,1.0,C C ( P ( C ( C ) ( C ) C ) C 1 = C C = C C = C 1 C 2 = C C = C C = C 2 ) ( C ) C,O = C ( C 1 = C C = C ( C ) C = C 1 ) C 2 = C C = C ( C ) C = C 2
253,CC(P(C(C)(C)C)C1=CC=CC=C1C2=CC=CC=C2)(C)C,O=C(C1=CC=C(C=C1)OC)C2=CC=C(C=C2)OC,2.0,C C ( P ( C ( C ) ( C ) C ) C 1 = C C = C C = C 1 C 2 = C C = C C = C 2 ) ( C ) C,O = C ( C 1 = C C = C ( C = C 1 ) O C ) C 2 = C C = C ( C = C 2 ) O C
254,CC(P(C(C)(C)C)C1=CC=CC=C1C2=CC=CC=C2)(C)C,O=C(C1=CC=C(F)C=C1)C2=CC=C(F)C=C2,2.0,C C ( P ( C ( C ) ( C ) C ) C 1 = C C = C C = C 1 C 2 = C C = C C = C 2 ) ( C ) C,O = C ( C 1 = C C = C ( F ) C = C 1 ) C 2 = C C = C ( F ) C = C 2
255,CC(P(C(C)(C)C)C1=CC=CC=C1C2=CC=CC=C2)(C)C,CC(C1=CC=CC=C1)=O,1.0,C C ( P ( C ( C ) ( C ) C ) C 1 = C C = C C = C 1 C 2 = C C = C C = C 2 ) ( C ) C,C C ( C 1 = C C = C C = C 1 ) = O
256,CC(P(C(C)(C)C)C1=CC=CC=C1C2=CC=CC=C2)(C)C,O=C(C1=CC=CC=C1)C(F)(F)F,17.0,C C ( P ( C ( C ) ( C ) C ) C 1 = C C = C C = C 1 C 2 = C C = C C = C 2 ) ( C ) C,O = C ( C 1 = C C = C C = C 1 ) C ( F ) ( F ) F
257,CC(P(C(C)(C)C)C1=CC=CC=C1C2=CC=CC=C2)(C)C,O=C(C1CCCCC1)C2=CC=CC=C2,1.0,C C ( P ( C ( C ) ( C ) C ) C 1 = C C = C C = C 1 C 2 = C C = C C = C 2 ) ( C ) C,O = C ( C 1 C C C C C 1 ) C 2 = C C = C C = C 2
258,CC(P(C(C)(C)C)C1=CC=CC=C1C2=CC=CC=C2)(C)C,O=C1CCCC2=CC=CC=C21,1.0,C C ( P ( C ( C ) ( C ) C ) C 1 = C C = C C = C 1 C 2 = C C = C C = C 2 ) ( C ) C,O = C 1 C C C C 2 = C C = C C = C 2 1
259,CC(P(C(C)(C)C)C1=CC=CC=C1C2=CC=CC=C2)(C)C,O=C1CCC2=CC=CC=C2C1,4.0,C C ( P ( C ( C ) ( C ) C ) C 1 = C C = C C = C 1 C 2 = C C = C C = C 2 ) ( C ) C,O = C 1 C C C 2 = C C = C C = C 2 C 1
260,CC(P(C(C)(C)C)C1=CC=CC=C1C2=CC=CC=C2)(C)C,O=C(C1CCCCC1)C2CCCCC2,0.0,C C ( P ( C ( C ) ( C ) C ) C 1 = C C = C C = C 1 C 2 = C C = C C = C 2 ) ( C ) C,O = C ( C 1 C C C C C 1 ) C 2 C C C C C 2
261,CC(C)OC1=C(C2=CC=CC=C2P(C3CCCCC3)C4CCCCC4)C(OC(C)C)=CC=C1,O=C(C1=CC=CC=C1)C2=CC=CC=C2,5.0,C C ( C ) O C 1 = C ( C 2 = C C = C C = C 2 P ( C 3 C C C C C 3 ) C 4 C C C C C 4 ) C ( O C ( C ) C ) = C C = C 1,O = C ( C 1 = C C = C C = C 1 ) C 2 = C C = C C = C 2
262,CC(C)OC1=C(C2=CC=CC=C2P(C3CCCCC3)C4CCCCC4)C(OC(C)C)=CC=C1,O=C(C1=CC=C(C)C=C1)C2=CC=C(C)C=C2,3.0,C C ( C ) O C 1 = C ( C 2 = C C = C C = C 2 P ( C 3 C C C C C 3 ) C 4 C C C C C 4 ) C ( O C ( C ) C ) = C C = C 1,O = C ( C 1 = C C = C ( C ) C = C 1 ) C 2 = C C = C ( C ) C = C 2
263,CC(C)OC1=C(C2=CC=CC=C2P(C3CCCCC3)C4CCCCC4)C(OC(C)C)=CC=C1,O=C(C1=CC=C(C=C1)OC)C2=CC=C(C=C2)OC,2.0,C C ( C ) O C 1 = C ( C 2 = C C = C C = C 2 P ( C 3 C C C C C 3 ) C 4 C C C C C 4 ) C ( O C ( C ) C ) = C C = C 1,O = C ( C 1 = C C = C ( C = C 1 ) O C ) C 2 = C C = C ( C = C 2 ) O C
264,CC(C)OC1=C(C2=CC=CC=C2P(C3CCCCC3)C4CCCCC4)C(OC(C)C)=CC=C1,O=C(C1=CC=C(F)C=C1)C2=CC=C(F)C=C2,6.0,C C ( C ) O C 1 = C ( C 2 = C C = C C = C 2 P ( C 3 C C C C C 3 ) C 4 C C C C C 4 ) C ( O C ( C ) C ) = C C = C 1,O = C ( C 1 = C C = C ( F ) C = C 1 ) C 2 = C C = C ( F ) C = C 2
265,CC(C)OC1=C(C2=CC=CC=C2P(C3CCCCC3)C4CCCCC4)C(OC(C)C)=CC=C1,CC(C1=CC=CC=C1)=O,2.0,C C ( C ) O C 1 = C ( C 2 = C C = C C = C 2 P ( C 3 C C C C C 3 ) C 4 C C C C C 4 ) C ( O C ( C ) C ) = C C = C 1,C C ( C 1 = C C = C C = C 1 ) = O
266,CC(C)OC1=C(C2=CC=CC=C2P(C3CCCCC3)C4CCCCC4)C(OC(C)C)=CC=C1,O=C(C1=CC=CC=C1)C(F)(F)F,64.0,C C ( C ) O C 1 = C ( C 2 = C C = C C = C 2 P ( C 3 C C C C C 3 ) C 4 C C C C C 4 ) C ( O C ( C ) C ) = C C = C 1,O = C ( C 1 = C C = C C = C 1 ) C ( F ) ( F ) F
267,CC(C)OC1=C(C2=CC=CC=C2P(C3CCCCC3)C4CCCCC4)C(OC(C)C)=CC=C1,O=C(C1CCCCC1)C2=CC=CC=C2,3.0,C C ( C ) O C 1 = C ( C 2 = C C = C C = C 2 P ( C 3 C C C C C 3 ) C 4 C C C C C 4 ) C ( O C ( C ) C ) = C C = C 1,O = C ( C 1 C C C C C 1 ) C 2 = C C = C C = C 2
268,CC(C)OC1=C(C2=CC=CC=C2P(C3CCCCC3)C4CCCCC4)C(OC(C)C)=CC=C1,O=C1CCCC2=CC=CC=C21,1.0,C C ( C ) O C 1 = C ( C 2 = C C = C C = C 2 P ( C 3 C C C C C 3 ) C 4 C C C C C 4 ) C ( O C ( C ) C ) = C C = C 1,O = C 1 C C C C 2 = C C = C C = C 2 1
269,CC(C)OC1=C(C2=CC=CC=C2P(C3CCCCC3)C4CCCCC4)C(OC(C)C)=CC=C1,O=C1CCC2=CC=CC=C2C1,14.0,C C ( C ) O C 1 = C ( C 2 = C C = C C = C 2 P ( C 3 C C C C C 3 ) C 4 C C C C C 4 ) C ( O C ( C ) C ) = C C = C 1,O = C 1 C C C 2 = C C = C C = C 2 C 1
270,CC(C)OC1=C(C2=CC=CC=C2P(C3CCCCC3)C4CCCCC4)C(OC(C)C)=CC=C1,O=C(C1CCCCC1)C2CCCCC2,0.0,C C ( C ) O C 1 = C ( C 2 = C C = C C = C 2 P ( C 3 C C C C C 3 ) C 4 C C C C C 4 ) C ( O C ( C ) C ) = C C = C 1,O = C ( C 1 C C C C C 1 ) C 2 C C C C C 2
271,C1(C2=CC=CC=C2P(C3CCCCC3)C4CCCCC4)=CC=CC=C1,O=C(C1=CC=CC=C1)C2=CC=CC=C2,6.0,C 1 ( C 2 = C C = C C = C 2 P ( C 3 C C C C C 3 ) C 4 C C C C C 4 ) = C C = C C = C 1,O = C ( C 1 = C C = C C = C 1 ) C 2 = C C = C C = C 2
272,C1(C2=CC=CC=C2P(C3CCCCC3)C4CCCCC4)=CC=CC=C1,O=C(C1=CC=C(C)C=C1)C2=CC=C(C)C=C2,4.0,C 1 ( C 2 = C C = C C = C 2 P ( C 3 C C C C C 3 ) C 4 C C C C C 4 ) = C C = C C = C 1,O = C ( C 1 = C C = C ( C ) C = C 1 ) C 2 = C C = C ( C ) C = C 2
273,C1(C2=CC=CC=C2P(C3CCCCC3)C4CCCCC4)=CC=CC=C1,O=C(C1=CC=C(C=C1)OC)C2=CC=C(C=C2)OC,2.0,C 1 ( C 2 = C C = C C = C 2 P ( C 3 C C C C C 3 ) C 4 C C C C C 4 ) = C C = C C = C 1,O = C ( C 1 = C C = C ( C = C 1 ) O C ) C 2 = C C = C ( C = C 2 ) O C
274,C1(C2=CC=CC=C2P(C3CCCCC3)C4CCCCC4)=CC=CC=C1,O=C(C1=CC=C(F)C=C1)C2=CC=C(F)C=C2,7.0,C 1 ( C 2 = C C = C C = C 2 P ( C 3 C C C C C 3 ) C 4 C C C C C 4 ) = C C = C C = C 1,O = C ( C 1 = C C = C ( F ) C = C 1 ) C 2 = C C = C ( F ) C = C 2
275,C1(C2=CC=CC=C2P(C3CCCCC3)C4CCCCC4)=CC=CC=C1,CC(C1=CC=CC=C1)=O,4.0,C 1 ( C 2 = C C = C C = C 2 P ( C 3 C C C C C 3 ) C 4 C C C C C 4 ) = C C = C C = C 1,C C ( C 1 = C C = C C = C 1 ) = O
276,C1(C2=CC=CC=C2P(C3CCCCC3)C4CCCCC4)=CC=CC=C1,O=C(C1=CC=CC=C1)C(F)(F)F,62.0,C 1 ( C 2 = C C = C C = C 2 P ( C 3 C C C C C 3 ) C 4 C C C C C 4 ) = C C = C C = C 1,O = C ( C 1 = C C = C C = C 1 ) C ( F ) ( F ) F
277,C1(C2=CC=CC=C2P(C3CCCCC3)C4CCCCC4)=CC=CC=C1,O=C(C1CCCCC1)C2=CC=CC=C2,2.0,C 1 ( C 2 = C C = C C = C 2 P ( C 3 C C C C C 3 ) C 4 C C C C C 4 ) = C C = C C = C 1,O = C ( C 1 C C C C C 1 ) C 2 = C C = C C = C 2
278,C1(C2=CC=CC=C2P(C3CCCCC3)C4CCCCC4)=CC=CC=C1,O=C1CCCC2=CC=CC=C21,2.0,C 1 ( C 2 = C C = C C = C 2 P ( C 3 C C C C C 3 ) C 4 C C C C C 4 ) = C C = C C = C 1,O = C 1 C C C C 2 = C C = C C = C 2 1
279,C1(C2=CC=CC=C2P(C3CCCCC3)C4CCCCC4)=CC=CC=C1,O=C1CCC2=CC=CC=C2C1,6.0,C 1 ( C 2 = C C = C C = C 2 P ( C 3 C C C C C 3 ) C 4 C C C C C 4 ) = C C = C C = C 1,O = C 1 C C C 2 = C C = C C = C 2 C 1
280,C1(C2=CC=CC=C2P(C3CCCCC3)C4CCCCC4)=CC=CC=C1,O=C(C1CCCCC1)C2CCCCC2,0.0,C 1 ( C 2 = C C = C C = C 2 P ( C 3 C C C C C 3 ) C 4 C C C C C 4 ) = C C = C C = C 1,O = C ( C 1 C C C C C 1 ) C 2 C C C C C 2
281,CC(C1=CC(C(C)C)=CC(C(C)C)=C1C2=CC=CC=C2P(C3CCCCC3)C4CCCCC4)C,O=C(C1=CC=CC=C1)C2=CC=CC=C2,2.0,C C ( C 1 = C C ( C ( C ) C ) = C C ( C ( C ) C ) = C 1 C 2 = C C = C C = C 2 P ( C 3 C C C C C 3 ) C 4 C C C C C 4 ) C,O = C ( C 1 = C C = C C = C 1 ) C 2 = C C = C C = C 2
282,CC(C1=CC(C(C)C)=CC(C(C)C)=C1C2=CC=CC=C2P(C3CCCCC3)C4CCCCC4)C,O=C(C1=CC=C(C)C=C1)C2=CC=C(C)C=C2,1.0,C C ( C 1 = C C ( C ( C ) C ) = C C ( C ( C ) C ) = C 1 C 2 = C C = C C = C 2 P ( C 3 C C C C C 3 ) C 4 C C C C C 4 ) C,O = C ( C 1 = C C = C ( C ) C = C 1 ) C 2 = C C = C ( C ) C = C 2
283,CC(C1=CC(C(C)C)=CC(C(C)C)=C1C2=CC=CC=C2P(C3CCCCC3)C4CCCCC4)C,O=C(C1=CC=C(C=C1)OC)C2=CC=C(C=C2)OC,2.0,C C ( C 1 = C C ( C ( C ) C ) = C C ( C ( C ) C ) = C 1 C 2 = C C = C C = C 2 P ( C 3 C C C C C 3 ) C 4 C C C C C 4 ) C,O = C ( C 1 = C C = C ( C = C 1 ) O C ) C 2 = C C = C ( C = C 2 ) O C
284,CC(C1=CC(C(C)C)=CC(C(C)C)=C1C2=CC=CC=C2P(C3CCCCC3)C4CCCCC4)C,O=C(C1=CC=C(F)C=C1)C2=CC=C(F)C=C2,3.0,C C ( C 1 = C C ( C ( C ) C ) = C C ( C ( C ) C ) = C 1 C 2 = C C = C C = C 2 P ( C 3 C C C C C 3 ) C 4 C C C C C 4 ) C,O = C ( C 1 = C C = C ( F ) C = C 1 ) C 2 = C C = C ( F ) C = C 2
285,CC(C1=CC(C(C)C)=CC(C(C)C)=C1C2=CC=CC=C2P(C3CCCCC3)C4CCCCC4)C,CC(C1=CC=CC=C1)=O,2.0,C C ( C 1 = C C ( C ( C ) C ) = C C ( C ( C ) C ) = C 1 C 2 = C C = C C = C 2 P ( C 3 C C C C C 3 ) C 4 C C C C C 4 ) C,C C ( C 1 = C C = C C = C 1 ) = O
286,CC(C1=CC(C(C)C)=CC(C(C)C)=C1C2=CC=CC=C2P(C3CCCCC3)C4CCCCC4)C,O=C(C1=CC=CC=C1)C(F)(F)F,62.0,C C ( C 1 = C C ( C ( C ) C ) = C C ( C ( C ) C ) = C 1 C 2 = C C = C C = C 2 P ( C 3 C C C C C 3 ) C 4 C C C C C 4 ) C,O = C ( C 1 = C C = C C = C 1 ) C ( F ) ( F ) F
287,CC(C1=CC(C(C)C)=CC(C(C)C)=C1C2=CC=CC=C2P(C3CCCCC3)C4CCCCC4)C,O=C(C1CCCCC1)C2=CC=CC=C2,1.0,C C ( C 1 = C C ( C ( C ) C ) = C C ( C ( C ) C ) = C 1 C 2 = C C = C C = C 2 P ( C 3 C C C C C 3 ) C 4 C C C C C 4 ) C,O = C ( C 1 C C C C C 1 ) C 2 = C C = C C = C 2
288,CC(C1=CC(C(C)C)=CC(C(C)C)=C1C2=CC=CC=C2P(C3CCCCC3)C4CCCCC4)C,O=C1CCCC2=CC=CC=C21,1.0,C C ( C 1 = C C ( C ( C ) C ) = C C ( C ( C ) C ) = C 1 C 2 = C C = C C = C 2 P ( C 3 C C C C C 3 ) C 4 C C C C C 4 ) C,O = C 1 C C C C 2 = C C = C C = C 2 1
289,CC(C1=CC(C(C)C)=CC(C(C)C)=C1C2=CC=CC=C2P(C3CCCCC3)C4CCCCC4)C,O=C1CCC2=CC=CC=C2C1,5.0,C C ( C 1 = C C ( C ( C ) C ) = C C ( C ( C ) C ) = C 1 C 2 = C C = C C = C 2 P ( C 3 C C C C C 3 ) C 4 C C C C C 4 ) C,O = C 1 C C C 2 = C C = C C = C 2 C 1
290,CC(C1=CC(C(C)C)=CC(C(C)C)=C1C2=CC=CC=C2P(C3CCCCC3)C4CCCCC4)C,O=C(C1CCCCC1)C2CCCCC2,0.0,C C ( C 1 = C C ( C ( C ) C ) = C C ( C ( C ) C ) = C 1 C 2 = C C = C C = C 2 P ( C 3 C C C C C 3 ) C 4 C C C C C 4 ) C,O = C ( C 1 C C C C C 1 ) C 2 C C C C C 2
291,COC1=CC=CC(OC)=C1C2=CC=CC=C2P(C3CCCCC3)C4CCCCC4,O=C(C1=CC=CC=C1)C2=CC=CC=C2,5.0,C O C 1 = C C = C C ( O C ) = C 1 C 2 = C C = C C = C 2 P ( C 3 C C C C C 3 ) C 4 C C C C C 4,O = C ( C 1 = C C = C C = C 1 ) C 2 = C C = C C = C 2
292,COC1=CC=CC(OC)=C1C2=CC=CC=C2P(C3CCCCC3)C4CCCCC4,O=C(C1=CC=C(C)C=C1)C2=CC=C(C)C=C2,2.0,C O C 1 = C C = C C ( O C ) = C 1 C 2 = C C = C C = C 2 P ( C 3 C C C C C 3 ) C 4 C C C C C 4,O = C ( C 1 = C C = C ( C ) C = C 1 ) C 2 = C C = C ( C ) C = C 2
293,COC1=CC=CC(OC)=C1C2=CC=CC=C2P(C3CCCCC3)C4CCCCC4,O=C(C1=CC=C(C=C1)OC)C2=CC=C(C=C2)OC,3.0,C O C 1 = C C = C C ( O C ) = C 1 C 2 = C C = C C = C 2 P ( C 3 C C C C C 3 ) C 4 C C C C C 4,O = C ( C 1 = C C = C ( C = C 1 ) O C ) C 2 = C C = C ( C = C 2 ) O C
294,COC1=CC=CC(OC)=C1C2=CC=CC=C2P(C3CCCCC3)C4CCCCC4,O=C(C1=CC=C(F)C=C1)C2=CC=C(F)C=C2,10.0,C O C 1 = C C = C C ( O C ) = C 1 C 2 = C C = C C = C 2 P ( C 3 C C C C C 3 ) C 4 C C C C C 4,O = C ( C 1 = C C = C ( F ) C = C 1 ) C 2 = C C = C ( F ) C = C 2
295,COC1=CC=CC(OC)=C1C2=CC=CC=C2P(C3CCCCC3)C4CCCCC4,CC(C1=CC=CC=C1)=O,4.0,C O C 1 = C C = C C ( O C ) = C 1 C 2 = C C = C C = C 2 P ( C 3 C C C C C 3 ) C 4 C C C C C 4,C C ( C 1 = C C = C C = C 1 ) = O
296,COC1=CC=CC(OC)=C1C2=CC=CC=C2P(C3CCCCC3)C4CCCCC4,O=C(C1=CC=CC=C1)C(F)(F)F,86.0,C O C 1 = C C = C C ( O C ) = C 1 C 2 = C C = C C = C 2 P ( C 3 C C C C C 3 ) C 4 C C C C C 4,O = C ( C 1 = C C = C C = C 1 ) C ( F ) ( F ) F
297,COC1=CC=CC(OC)=C1C2=CC=CC=C2P(C3CCCCC3)C4CCCCC4,O=C(C1CCCCC1)C2=CC=CC=C2,1.0,C O C 1 = C C = C C ( O C ) = C 1 C 2 = C C = C C = C 2 P ( C 3 C C C C C 3 ) C 4 C C C C C 4,O = C ( C 1 C C C C C 1 ) C 2 = C C = C C = C 2
298,COC1=CC=CC(OC)=C1C2=CC=CC=C2P(C3CCCCC3)C4CCCCC4,O=C1CCCC2=CC=CC=C21,2.0,C O C 1 = C C = C C ( O C ) = C 1 C 2 = C C = C C = C 2 P ( C 3 C C C C C 3 ) C 4 C C C C C 4,O = C 1 C C C C 2 = C C = C C = C 2 1
299,COC1=CC=CC(OC)=C1C2=CC=CC=C2P(C3CCCCC3)C4CCCCC4,O=C1CCC2=CC=CC=C2C1,9.0,C O C 1 = C C = C C ( O C ) = C 1 C 2 = C C = C C = C 2 P ( C 3 C C C C C 3 ) C 4 C C C C C 4,O = C 1 C C C 2 = C C = C C = C 2 C 1
300,COC1=CC=CC(OC)=C1C2=CC=CC=C2P(C3CCCCC3)C4CCCCC4,O=C(C1CCCCC1)C2CCCCC2,0.0,C O C 1 = C C = C C ( O C ) = C 1 C 2 = C C = C C = C 2 P ( C 3 C C C C C 3 ) C 4 C C C C C 4,O = C ( C 1 C C C C C 1 ) C 2 C C C C C 2
The following are the virtual screening results:,,,,,
301,C12=C(C(C3=C(P(C4=CC=CC=C4)C5=CC=CC=C5)C=CC6=C3OCO6)=C(P(C7=CC=CC=C7)C8=CC=CC=C8)C=C2)OCO1,O=C1CCCC2=CC=CC=C21,12.0,C 1 2 = C ( C ( C 3 = C ( P ( C 4 = C C = C C = C 4 ) C 5 = C C = C C = C 5 ) C = C C 6 = C 3 O C O 6 ) = C ( P ( C 7 = C C = C C = C 7 ) C 8 = C C = C C = C 8 ) C = C 2 ) O C O 1,O = C 1 C C C C 2 = C C = C C = C 2 1
302,CC(P(C(C)C)[C-]1C=CC=C1)C.CC(P(C(C)C)[C-]2C=CC=C2)C.[Fe+2],O=C1CCCC2=CC=CC=C21,6.0,C C ( P ( C ( C ) C ) [C-] 1 C = C C = C 1 ) C . C C ( P ( C ( C ) C ) [C-] 2 C = C C = C 2 ) C . [Fe+2],O = C 1 C C C C 2 = C C = C C = C 2 1
303,C1(P(C2=CC=CC3=C2OC4=C(C=CC=C4P(C5=CC=CC=C5)C6=CC=CC=C6)N3)C7=CC=CC=C7)=CC=CC=C1,O=C1CCCC2=CC=CC=C21,18.0,C 1 ( P ( C 2 = C C = C C 3 = C 2 O C 4 = C ( C = C C = C 4 P ( C 5 = C C = C C = C 5 ) C 6 = C C = C C = C 6 ) N 3 ) C 7 = C C = C C = C 7 ) = C C = C C = C 1,O = C 1 C C C C 2 = C C = C C = C 2 1
304,C1(P(C2=CC=CC=C2)[C-]3C=CC=C3C4=CC=C[C-]4P(C5=CC=CC=C5)C6=CC=CC=C6)=CC=CC=C1.[CH-]7C=CC=C7.[Fe+2].[Fe+2].C8=CC=C[CH-]8,O=C1CCCC2=CC=CC=C21,13.0,C 1 ( P ( C 2 = C C = C C = C 2 ) [C-] 3 C = C C = C 3 C 4 = C C = C [C-] 4 P ( C 5 = C C = C C = C 5 ) C 6 = C C = C C = C 6 ) = C C = C C = C 1 . [CH-] 7 C = C C = C 7 . [Fe+2] . [Fe+2] . C 8 = C C = C [CH-] 8,O = C 1 C C C C 2 = C C = C C = C 2 1
305,CC(N(C)C)C1=CC=C[C-]1P(C2=CC=CC=C2)C3=CC=CC=C3.C4(P(C5=CC=CC=C5)[C-]6C=CC=C6)=CC=CC=C4.[Fe+2],O=C1CCCC2=CC=CC=C21,48.0,C C ( N ( C ) C ) C 1 = C C = C [C-] 1 P ( C 2 = C C = C C = C 2 ) C 3 = C C = C C = C 3 . C 4 ( P ( C 5 = C C = C C = C 5 ) [C-] 6 C = C C = C 6 ) = C C = C C = C 4 . [Fe+2],O = C 1 C C C C 2 = C C = C C = C 2 1
306,O=C(O)C1=CC=CC=C1P(C2=CC=CC=C2)C3=CC=CC=C3,O=C1CCCC2=CC=CC=C21,0.0,O = C ( O ) C 1 = C C = C C = C 1 P ( C 2 = C C = C C = C 2 ) C 3 = C C = C C = C 3,O = C 1 C C C C 2 = C C = C C = C 2 1
307,FC(C1=CC(C(F)(F)F)=CC(P(C2=CC(C(F)(F)F)=CC(C(F)(F)F)=C2)C3=CC(C(F)(F)F)=CC(C(F)(F)F)=C3)=C1)(F)F,O=C1CCCC2=CC=CC=C21,8.0,F C ( C 1 = C C ( C ( F ) ( F ) F ) = C C ( P ( C 2 = C C ( C ( F ) ( F ) F ) = C C ( C ( F ) ( F ) F ) = C 2 ) C 3 = C C ( C ( F ) ( F ) F ) = C C ( C ( F ) ( F ) F ) = C 3 ) = C 1 ) ( F ) F,O = C 1 C C C C 2 = C C = C C = C 2 1
308,FC1=C(F)C(F)=C(F)C(F)=C1P(C2=C(F)C(F)=C(F)C(F)=C2F)CCP(C3=C(F)C(F)=C(F)C(F)=C3F)C4=C(F)C(F)=C(F)C(F)=C4F,O=C1CCCC2=CC=CC=C21,12.0,F C 1 = C ( F ) C ( F ) = C ( F ) C ( F ) = C 1 P ( C 2 = C ( F ) C ( F ) = C ( F ) C ( F ) = C 2 F ) C C P ( C 3 = C ( F ) C ( F ) = C ( F ) C ( F ) = C 3 F ) C 4 = C ( F ) C ( F ) = C ( F ) C ( F ) = C 4 F,O = C 1 C C C C 2 = C C = C C = C 2 1
309,CC1(C)C2=C(OC3=C1C=CC=C3P(C4CCCCC4)C5CCCCC5)C(P(C6CCCCC6)C7CCCCC7)=CC=C2,O=C1CCCC2=CC=CC=C21,8.0,C C 1 ( C ) C 2 = C ( O C 3 = C 1 C = C C = C 3 P ( C 4 C C C C C 4 ) C 5 C C C C C 5 ) C ( P ( C 6 C C C C C 6 ) C 7 C C C C C 7 ) = C C = C 2,O = C 1 C C C C 2 = C C = C C = C 2 1
310,C1(P(C2=CC=CC=C2)C3=CC=CC=C3)=NC=CC=C1,O=C1CCCC2=CC=CC=C21,67.0,C 1 ( P ( C 2 = C C = C C = C 2 ) C 3 = C C = C C = C 3 ) = N C = C C = C 1,O = C 1 C C C C 2 = C C = C C = C 2 1
311,OC(C(C=C1)=CC=C1P(C2=CC=CC=C2)C3=CC=CC=C3)=O,O=C1CCCC2=CC=CC=C21,3.0,O C ( C ( C = C 1 ) = C C = C 1 P ( C 2 = C C = C C = C 2 ) C 3 = C C = C C = C 3 ) = O,O = C 1 C C C C 2 = C C = C C = C 2 1
312,ClC(C=C1)=CC=C1P(C2=CC=C(Cl)C=C2)C3=CC=C(Cl)C=C3,O=C1CCCC2=CC=CC=C21,23.0,Cl C ( C = C 1 ) = C C = C 1 P ( C 2 = C C = C ( Cl ) C = C 2 ) C 3 = C C = C ( Cl ) C = C 3,O = C 1 C C C C 2 = C C = C C = C 2 1
313,CC1=CC(C)=CC(P(C2=CC(C)=CC(C)=C2)C3=C(C4=C(P(C5=CC(C)=CC(C)=C5)C6=CC(C)=CC(C)=C6)C=CC7=C4OCO7)C8=C(OCO8)C=C3)=C1,O=C1CCCC2=CC=CC=C21,22.0,C C 1 = C C ( C ) = C C ( P ( C 2 = C C ( C ) = C C ( C ) = C 2 ) C 3 = C ( C 4 = C ( P ( C 5 = C C ( C ) = C C ( C ) = C 5 ) C 6 = C C ( C ) = C C ( C ) = C 6 ) C = C C 7 = C 4 O C O 7 ) C 8 = C ( O C O 8 ) C = C 3 ) = C 1,O = C 1 C C C C 2 = C C = C C = C 2 1
314,FC1=C(C(F)=C(C(F)=C1P(C2=C(F)C(F)=C(F)C(F)=C2F)C3=C(C(F)=C(C(F)=C3F)F)F)F)F,O=C1CCCC2=CC=CC=C21,7.0,F C 1 = C ( C ( F ) = C ( C ( F ) = C 1 P ( C 2 = C ( F ) C ( F ) = C ( F ) C ( F ) = C 2 F ) C 3 = C ( C ( F ) = C ( C ( F ) = C 3 F ) F ) F ) F ) F,O = C 1 C C C C 2 = C C = C C = C 2 1
315,O=S(C1=CC=CC(P(C2=CC=CC=C2)C3=CC=CC=C3)=C1)([O-])=O.[Na+],O=C1CCCC2=CC=CC=C21,1.0,O = S ( C 1 = C C = C C ( P ( C 2 = C C = C C = C 2 ) C 3 = C C = C C = C 3 ) = C 1 ) ( [O-] ) = O . [Na+],O = C 1 C C C C 2 = C C = C C = C 2 1
316,CC(C)(C1=CC(P(C2=CC(C(C)(C)C)=C(OC)C(C(C)(C)C)=C2)C3=C(C4=C(P(C5=CC(C(C)(C)C)=C(OC)C(C(C)(C)C)=C5)C6=CC(C(C)(C)C)=C(OC)C(C(C)(C)C)=C6)C=CC7=C4OCO7)C8=C(OCO8)C=C3)=CC(C(C)(C)C)=C1OC)C,O=C(C1CCCCC1)C2CCCCC2,1.0,C C ( C ) ( C 1 = C C ( P ( C 2 = C C ( C ( C ) ( C ) C ) = C ( O C ) C ( C ( C ) ( C ) C ) = C 2 ) C 3 = C ( C 4 = C ( P ( C 5 = C C ( C ( C ) ( C ) C ) = C ( O C ) C ( C ( C ) ( C ) C ) = C 5 ) C 6 = C C ( C ( C ) ( C ) C ) = C ( O C ) C ( C ( C ) ( C ) C ) = C 6 ) C = C C 7 = C 4 O C O 7 ) C 8 = C ( O C O 8 ) C = C 3 ) = C C ( C ( C ) ( C ) C ) = C 1 O C ) C,O = C ( C 1 C C C C C 1 ) C 2 C C C C C 2
317,CC(N(C)C)C1=CC=C[C-]1P(C2=CC=CC=C2)C3=CC=CC=C3.C4(P(C5=CC=CC=C5)[C-]6C=CC=C6)=CC=CC=C4.[Fe+2],O=C(C1CCCCC1)C2CCCCC2,16.0,C C ( N ( C ) C ) C 1 = C C = C [C-] 1 P ( C 2 = C C = C C = C 2 ) C 3 = C C = C C = C 3 . C 4 ( P ( C 5 = C C = C C = C 5 ) [C-] 6 C = C C = C 6 ) = C C = C C = C 4 . [Fe+2],O = C ( C 1 C C C C C 1 ) C 2 C C C C C 2
318,CC1=CC(C)=CC(P(C2=CC(C)=CC(C)=C2)C3=C(C4=C(P(C5=CC(C)=CC(C)=C5)C6=CC(C)=CC(C)=C6)C=CC7=CC=CC=C74)C8=CC=CC=C8C=C3)=C1,O=C(C1CCCCC1)C2CCCCC2,6.0,C C 1 = C C ( C ) = C C ( P ( C 2 = C C ( C ) = C C ( C ) = C 2 ) C 3 = C ( C 4 = C ( P ( C 5 = C C ( C ) = C C ( C ) = C 5 ) C 6 = C C ( C ) = C C ( C ) = C 6 ) C = C C 7 = C C = C C = C 7 4 ) C 8 = C C = C C = C 8 C = C 3 ) = C 1,O = C ( C 1 C C C C C 1 ) C 2 C C C C C 2
319,CC1=CC(C)=CC(P(C2=CC(C)=CC(C)=C2)C3=C(C4=C(P(C5=CC(C)=CC(C)=C5)C6=CC(C)=CC(C)=C6)C=CC7=C4OCO7)C8=C(OCO8)C=C3)=C1,O=C(C1CCCCC1)C2CCCCC2,17.0,C C 1 = C C ( C ) = C C ( P ( C 2 = C C ( C ) = C C ( C ) = C 2 ) C 3 = C ( C 4 = C ( P ( C 5 = C C ( C ) = C C ( C ) = C 5 ) C 6 = C C ( C ) = C C ( C ) = C 6 ) C = C C 7 = C 4 O C O 7 ) C 8 = C ( O C O 8 ) C = C 3 ) = C 1,O = C ( C 1 C C C C C 1 ) C 2 C C C C C 2
320,FC1=C(C(F)=C(C(F)=C1P(C2=C(F)C(F)=C(F)C(F)=C2F)C3=C(C(F)=C(C(F)=C3F)F)F)F)F,O=C(C1CCCCC1)C2CCCCC2,0.0,F C 1 = C ( C ( F ) = C ( C ( F ) = C 1 P ( C 2 = C ( F ) C ( F ) = C ( F ) C ( F ) = C 2 F ) C 3 = C ( C ( F ) = C ( C ( F ) = C 3 F ) F ) F ) F ) F,O = C ( C 1 C C C C C 1 ) C 2 C C C C C 2
